m,v0,vmax,umax
1721.0061744505415,12.891683953515548,23.905336647612362,0.22780463304188084
1681.6215336524863,14.7525494051295,24.853156463073162,0.27813593498617734
1640.1507603953678,14.61276754877149,25.26258489457058,0.25062995400526145
1548.2760727559269,13.582041160055278,23.86182261841199,0.2696584961870506
1717.3300976048,14.602200279879325,26.3271585002547,0.258518014584135
1961.1726535739867,14.887018127654782,25.26037473803936,0.28158400998666017
1370.630751898498,13.123169489706417,25.260342226578576,0.2599368837872652
1452.8981768506155,14.589845125844285,23.685386718325205,0.23025426991918357
1954.9720964814655,14.369137156136329,22.445619635969994,0.22178950830161362
1822.010328066795,12.562249336676476,25.551663811620372,0.2015300023307962
1606.5132882595906,14.884090758110029,23.668669170945712,0.2435585421283412
1616.4895887440343,13.288707632097086,25.135405292840733,0.2258096352329195
1827.520950799906,15.057528028852573,21.90792720513073,0.2012577477846818
1814.6432315986096,14.617874927329433,22.723928073864357,0.23298067157721766
1461.1038543717102,12.947527687948032,23.086671490445106,0.2074727183953425
1600.2129872883263,14.629539011477164,24.94982906865917,0.23313245104708813
1547.340506394996,15.028686443793683,24.80826142859878,0.2315329428152188
1536.9143973541122,12.765055429885031,23.490223108054913,0.21253819466659551
1406.5683551578584,12.777370077131401,22.3611433019485,0.233532771157154
1408.5952104194987,13.677649383478222,24.093558568906463,0.25909781603428234
1353.1830610774073,12.716180537514408,23.653774852052795,0.20976654225855168
1365.2858662899166,15.272197452995893,23.069313347452244,0.2157127003845419
1812.915118973583,13.767059956094318,26.201963815558667,0.21519913743848804
1440.9879800700837,15.009438941746833,26.309028852011263,0.29561249335363554
1957.116042488016,12.513446950953007,25.204519659810654,0.2068705725565841
1598.3237297566702,13.774920185070112,22.936150833448373,0.2663196871521849
1468.5733248819188,13.962864502331659,23.276299157620045,0.26162249585779146
1691.5180073263582,12.888014825653961,24.346822101057036,0.21611639428147425
1594.4446508332383,14.22921109072599,25.42381138496536,0.2770314301257497
1914.1965016891254,14.408949042387372,23.075808453066358,0.2426095710704914
1601.392498219302,13.544934739972751,23.740788031828853,0.2760815359562708
1665.6645026445779,15.271606823825024,25.754002313101996,0.25692099414637926
1454.4375943231955,13.575947724510895,22.275889657336222,0.22205087851956642
1833.4474592259612,15.073942537919484,25.01899572512759,0.21033382423481348
1671.0342721760182,14.921571687370339,22.483433138895904,0.22483356367088395
1932.8246277564801,14.754651806148596,25.52098217930267,0.2522905162736952
1717.5564890007117,14.942609575452726,25.025901112743156,0.23893908263850888
1681.8343505955806,15.012104477370498,24.9956714793791,0.2526304611133822
1403.4278799362005,12.830695501997502,21.84976756595548,0.2093624597701959
1563.8029836412668,13.753799953307775,22.050937851644534,0.2230564346813299
1618.4772401893065,14.88536663358909,25.158002414322397,0.2962952735515039
1694.2708079619765,13.354442086371977,25.356699391155892,0.26964468318955
1784.858987472541,14.037140853777878,22.073227970009096,0.22407566697335551
1951.9931527785582,12.93869174955885,23.78470947818237,0.20833658661005586
1683.014119261811,13.78886412954349,22.902561258028115,0.24463517695422335
1471.7834158029011,13.158131454718825,26.283513279962943,0.2798470267119602
1470.3075608096108,12.653209779718983,22.376981553881695,0.2028060998304828
1443.367034733764,13.358892179114639,25.20950250904259,0.2571203083163342
1379.002711665753,15.07979527166792,25.074724247026175,0.25137871090606156
1700.4948405790851,14.238073531434972,24.50620252179181,0.2858273156592273
1785.0201954576055,14.427877552799057,24.75573134829935,0.2717028636095438
1460.8871757487982,14.598534158283915,23.70045333492746,0.2713341586555775
1975.1820753982922,14.9895336242182,25.90858836667902,0.25073452535004886
1397.0661187243288,12.74194242566402,26.250919188558917,0.2587839287076709
1671.3876795012136,14.354311379970879,23.755615235659633,0.2572053302678738
1825.5337062230012,14.349719280068655,22.553799476718442,0.27419704685809443
1866.9162527326557,13.78268728606471,23.64284967548566,0.24828905807761642
1465.9420009697988,14.205473394685418,26.144515753286207,0.24619847310257081
1683.2938508675836,13.186177739721966,24.128119035170233,0.2076368758729346
1650.2901756103654,12.89850040279031,22.066721482075433,0.24651522111391722
1969.0937207308991,13.691495709435586,21.90313032873673,0.2051311984702316
1872.691323598744,14.62173623659042,25.28845976423833,0.20550675653191
1959.046033427915,13.181158033700518,24.056556473591883,0.2097333031656584
1348.4985729377759,14.69823095475482,22.22234496209234,0.2726177619520387
1335.3359791847581,12.61626260086386,24.19257332678308,0.2837993934913238
1921.0767559539863,15.264672006698788,21.80702351387469,0.2896082682119572
1961.379824766385,15.198955059857608,25.69099176262318,0.2683874405878043
1447.629557444219,14.332342233148534,24.390186618296795,0.29700480625705133
1824.8460449668034,14.608526015549737,23.25424244684354,0.2194585704445817
1772.6024581839947,14.68180246436008,26.07167452744195,0.2878643818668241
1434.1684998980083,13.276824901638868,22.227863180878114,0.23443454472786893
1492.7461856257094,14.570161329669158,21.608776475890046,0.21205509776012818
1512.588086712216,15.077044236436267,23.14317558216519,0.2531066112327904
1826.343926066872,13.653595922590021,24.928521842969715,0.28477823762950716
1715.2388867302916,12.902660829820219,26.028824610030423,0.2483026738859433
1631.8113203334149,13.626973210551535,22.55574536079067,0.23136222018452438
1801.8733351901499,14.292477464309632,21.68985584543036,0.2050564339425336
1330.2027518319699,13.1428973503571,24.093291379789942,0.26939709964835873
1409.8831549838433,15.21110767353837,21.84774564874482,0.2796406548940982
1887.3820643810873,13.82304217967498,25.381946996674444,0.2873741294717077
1948.2421898680138,14.161631159796283,23.386753321572122,0.20073037340956934
1960.4210421089251,13.142154436738759,25.3206232818566,0.26233748064770523
1956.333517770876,13.779579041834308,23.75500652412865,0.21457779572333305
1431.967144022607,15.076983253839032,24.132353256600176,0.20026572926080946
1668.4097322149398,15.055561625695901,25.15166760581749,0.24667268628858763
1727.4818462049616,15.057924296433608,23.173244410531854,0.22652727513862456
1762.1113010527158,13.000100142342404,22.854657394217234,0.25474146638764483
1476.4526045884056,12.946645135003214,23.739608606509005,0.20609411258403681
1900.0061178262831,14.649633981609268,23.000823151225394,0.24378803811782138
1537.4690019202199,13.052285061783536,22.346535007184617,0.21838286937690896
1383.4980807745537,14.003968087291396,22.645051444931372,0.2218467757793988
1864.9000353177637,13.159597223381624,22.338972270281857,0.23347193595752969
1946.1180804291134,12.651956617092646,21.69447913241196,0.2858745314922278
1896.3001079540766,13.300447463388958,21.908192848582857,0.23412592623548117
1831.1911432314319,13.986921547570278,23.550813858783513,0.2899639333704147
1713.706431148688,13.84113406250909,25.365588423409765,0.2120151280081648
1436.0724947451988,13.59732165564019,23.391316761111298,0.25418066094506797
1944.42853989784,13.665368865698277,21.62169531999282,0.25965194889250803
1423.0882575196395,15.024291443575517,24.434928015036757,0.2625209456398766
1728.2722267529264,14.831422264816828,22.389880443374278,0.23983836664525138
1602.6553661044406,13.371506281536282,21.614715115362266,0.22679822252868345
1724.0114699273433,13.634885406247168,25.555601315863182,0.272901749478686
1963.6922320541653,14.144663350534138,25.23909078773417,0.21835615011678813
1351.702700835625,13.186502134505446,23.209021440169526,0.20632288926335088
1864.5915553879881,13.165138660884828,26.281683209075094,0.24742715571790425
1921.871067261641,13.48297056257465,24.424513913782114,0.2562781400052588
1615.0227427978352,14.213422090916902,23.486119394033434,0.21371910859285614
1975.754343817581,12.812477425115713,22.814524347761097,0.2072447317632198
1782.831525995733,13.986200148198929,24.86939925753601,0.28995819181634813
1560.9138446998763,13.663871891873468,24.755095828451587,0.2406931204415132
1398.0118006197245,15.064669016385153,24.999753875408054,0.22712928747663327
1926.044470582407,14.858297460067197,22.39309299403867,0.2714933859941993
1777.8029177545159,13.304906276004873,23.562107468878583,0.20954801565198308
1939.862183778501,14.422772314100753,23.925086074673622,0.27353818074437086
1883.8147234088633,15.219501539502284,25.98739092157394,0.2564512001695049
1383.1588686004013,14.26939227272902,22.38648916345918,0.25090484487708925
1395.6590238317485,13.941193427310374,23.110987029114057,0.21200640714762142
1792.1629244610258,13.70801165946636,23.889222019620618,0.2942185085691852
1411.7005782180509,15.177432212650855,23.925258243795334,0.26190184988372994
1481.7528849179525,14.338429187392592,23.58704799174648,0.2812449324275052
1638.970103151517,13.336760287517647,24.361032982551876,0.296142729635696
1963.8172686614255,13.920414547393682,23.32426144088215,0.28968955884355607
1616.7397046464655,14.42304339395375,25.216600328224214,0.2063104411496844
1589.0129419531756,13.255936254822474,21.705719135118304,0.2033747406564356
1513.1398069671193,13.772935431056686,21.872118894646096,0.2881030872519017
1664.2504122110854,13.932269582746892,24.287823376538267,0.22012015175182273
1692.9146225913555,14.81235020956685,24.82423042172333,0.2020007523208681
1864.4674849064822,13.980641497054364,23.909064741293587,0.2531249753467073
1323.2725490655357,12.821885416530383,22.429010991692717,0.2565124635565564
1947.733278068487,14.177162768981802,23.993990346324946,0.2027285339489084
1808.8931425646701,14.88329630487071,22.490971602304576,0.2629043330712773
1739.3469307956718,15.012909171662088,21.655749738473016,0.2404649265528215
1697.572888896672,13.995667770525843,23.231221296277635,0.29197733219301575
1824.0330398098188,12.91024485599509,24.559063231370278,0.24005595662224177
1710.9379439904226,14.071270664696831,25.226514408951623,0.2902313510396797
1721.9721925412603,13.918888282542392,22.986276582881864,0.28195255748492865
1965.0174082143674,13.403295070210124,23.259987583625882,0.22813880946407109
1969.9386644609672,12.82730824566802,24.84060548266224,0.25758232495510336
1783.206985031164,14.499250807541987,25.442259354792576,0.2702705872189708
1442.3831007072026,14.725865962147484,24.559319999173518,0.2951935512297897
1404.0352756493905,13.455307417795071,22.202610669811584,0.2713241920311797
1946.4278779017454,12.56668482625229,23.83074437503169,0.2756100643031709
1474.2661493525416,13.12580024966438,22.50686838787501,0.2169427775452579
1394.7893079909254,14.621501582880642,22.970709126220125,0.24138348575288432
1790.688939939369,14.06894453352468,25.271405696115497,0.20040577070583593
1511.605581828885,13.009669100339032,21.678245621996393,0.254891409503552
1320.1744440163648,15.221958206545303,24.063131323515382,0.21355592321934955
1767.2778975749432,14.491400021480658,23.906721238939323,0.26674450653742043
1575.1974361399627,14.1291894130926,25.42656146704451,0.24157401232196993
1550.9009043636295,13.95928015481481,25.801416848340278,0.23817132185231918
1552.7104812756197,12.781510434970173,21.854966112886036,0.26383707622455305
1853.140064603082,14.19887398983823,24.998566533311994,0.243022927550673
1822.0238174795131,14.077188708656507,21.937897828981573,0.2163209529766076
1379.6158084036701,12.645274436981788,23.339903283747013,0.23104636371959272
1335.8386466881284,13.485147795584007,23.31544348865367,0.2684565321923083
1353.9232521347774,13.286703470774114,25.975648281370717,0.23259623592100867
1923.1049935527258,13.476089394652782,24.32747231064619,0.23699934319773355
1858.6968483036198,14.443669599480703,25.68926691811814,0.20061970453969846
1448.6973645199034,13.713567798017138,24.795073727873135,0.2619526015079557
1900.6891523141787,14.690735743878145,23.008908518603324,0.263641579488174
1833.787030975155,15.07927717896032,26.152281200925454,0.2144186887679441
1693.7843071357572,14.523575111325298,23.323462767279178,0.27641896971099283
1963.2765419003827,14.406772247603042,26.08135519095826,0.2819794027419426
1421.8652770351798,13.502915844544729,23.61212552068012,0.21922322937120545
1764.681363759379,15.170085683543721,22.141584186853397,0.28978248413368796
1563.4269897905995,13.739995245740769,23.943279181531526,0.2902997894268166
1796.277489829649,12.71931120725465,23.54679427007835,0.2845334424153856
1762.2644071885795,13.577426032558108,25.8962559940035,0.26369736844169184
1412.9219080895634,13.45838950242154,24.37472867762224,0.25147598101148066
1747.0308474136666,13.539523228025061,23.660086351165326,0.29603810893415095
1684.5532833589689,15.112898324679417,25.416791397700337,0.23846354692480978
1669.8880218648162,14.796920283375194,26.188652986539566,0.2603305539494372
1955.5199172948242,12.596653918199236,23.120045995351173,0.27036582096862233
1362.493486836361,14.147971615092544,23.29739342845329,0.27066076324453625
1322.843272845395,12.927309995939414,26.111945847883778,0.2192961913152683
1893.0288427102316,12.951579584653112,23.65275454800926,0.21854819457715563
1757.712991743021,14.955236471822996,22.28662768048227,0.21876485366783985
1347.809263857875,14.534403171590581,23.502386868710428,0.21664263992307703
1816.3259389737811,14.53881791044877,22.713623390698384,0.20987422072029172
1338.8386881474228,14.841471210262188,21.894974442264502,0.26526559077708944
1915.460254254982,13.872136419247559,23.979808250187457,0.23582184573179352
1501.1120735891639,12.902905139239614,24.406692774604775,0.2067618658818727
1384.1699607082105,13.860978889045805,22.16208828901833,0.21505243522126952
1917.0837643171346,14.985645203187383,23.809223402308636,0.2111706095863119
1347.7791635958247,12.675955957528593,23.17588564344612,0.2843091484947786
1548.915896028381,12.74512357152866,22.072675101290063,0.2556062584976855
1597.9418866872186,13.001488548665852,25.672474998555593,0.2533049074921326
1974.333938187664,13.292768819278194,22.019833699102925,0.24603397988585463
1631.9727192354994,13.334543503550247,21.997625476857696,0.24260094363070023
1939.8714987879807,14.093226157750562,25.032486271304396,0.256971459815916
1911.8187818205108,13.635370380079765,21.993930521391388,0.25292660668406125
1928.436813975839,14.50082727834865,24.420910229184393,0.2205901953854956
1666.3817681676887,12.545611540967762,22.799879606314445,0.2619872037350042
1354.407327808603,14.825715731974475,25.764856713376584,0.20347299385884407
1710.0504843869703,13.841562099794235,25.927035987203066,0.2541382203212676
1366.9013854279017,12.594505069294176,24.56198163447051,0.2633205419640173
1755.5440968254857,13.26345923064304,25.54448416385086,0.22754848367544897
1972.5873179160028,14.51676590203598,22.139122984595474,0.20032634400881458
1560.2163504952189,13.144783908213247,23.954004656919643,0.2342168699148347
1704.6965495413215,14.687593330371046,23.11814160817,0.24642972717017894
1344.722760299176,13.75994424552764,23.341026486448413,0.2548451504496547
1345.4975840288382,13.009557592589173,23.222755495837397,0.24156788553021102
1384.6302574829335,14.973382398535351,23.963439393283355,0.2952159293056239
1451.4541652665532,13.984254164731816,23.670323042589267,0.21047626410035425
1799.3318133465461,13.733692070060947,25.59395643979651,0.2530839153990445
1878.324023942872,14.780952403210762,22.383515428396308,0.23470123099039925
1572.9255714295014,14.385735926644674,24.817020899630034,0.22216128480031563
1903.2175909296702,13.632022525247624,25.067069501534466,0.2966993153183655
1429.2457886764807,14.988169288122311,24.161090674318846,0.2636245972023915
1565.4200796309515,14.953148634509205,26.116222114488096,0.27028921339768613
1422.3180081115415,14.752282060061278,23.686856533307434,0.28819903350485715
1703.446783536222,13.707360794675447,25.786584797043567,0.252535700374385
1441.1201572015939,13.751560661638395,25.873239698526113,0.238250754195039
1811.7901193101602,14.023894143767395,22.680721822564646,0.2934006014342871
1806.4624926747788,13.805692058445471,26.360172219980463,0.29848785559305646
1329.832685765733,14.425965828673972,26.265499005038556,0.22762845728437345
1564.7120272327645,13.565460150979948,24.6762373277903,0.23812852141971605
1837.3442607952147,14.040675471728832,22.391000725064604,0.2951494849397975
1670.4700604748186,13.47396713105047,24.455060376680752,0.2891228183497584
1827.31696482776,13.948375050927206,23.763134923807023,0.22677499734012774
1832.615596410683,14.053633647677886,24.730203877489423,0.2695278443265517
1907.6656961475,15.032432757417423,24.123034603733664,0.2801764705179948
1341.3958113819212,14.720480561447834,23.38175457566583,0.20877675583087912
1569.0493629745743,14.46983197070658,25.215586237129138,0.23196358243110812
1452.6500448835798,13.640790414110725,25.401825084713405,0.22040207922205438
1528.1778392989522,13.144651844051507,21.719479954421356,0.2948566858985661
1476.098203173838,12.885227077275982,24.844789756048165,0.2944419446988155
1633.3375188045866,13.2499236726843,21.812048907905798,0.27498861218938164
1425.197078188317,13.348104599252473,22.912287122404475,0.23642323953043107
1644.2306063635642,13.05541038265957,22.15930248584009,0.22505465832267643
1602.7666259344883,15.276756565224652,23.43703384796979,0.2810717005045971
1440.2864972073428,13.056232628243645,24.34297663631689,0.21608391693772414
1334.7791238557293,14.379056391585374,25.540986883748637,0.201416466204397
1555.5141003058009,13.83892099428404,22.393029124645796,0.21324462972672012
1781.8974702031908,15.091510993765485,24.993908926091716,0.23355305339852356
1450.4706061228148,13.746309773847582,23.214025182720277,0.24186877975469082
1737.2381981371132,14.221709010068187,22.57491590286027,0.28895307215959604
1406.4941400193654,13.763463743659829,23.48484695475116,0.24947099843139808
1334.2917159912006,14.020614820447797,24.114618753467102,0.22516491599214453
1631.780304342261,14.06560632871448,25.717358867170923,0.2642776658566704
1549.2009608406804,14.51594273272009,24.795750560696447,0.27825951448030456
1779.6581049550934,13.0804295469901,22.944981316764277,0.29111113587517223
1362.9443588431607,14.804477110730161,24.882119567833684,0.29243638547479733
1343.3747162950838,13.38567437770675,25.881191013346697,0.24857672203471612
1431.470521208729,14.823397952743932,23.59019880499757,0.2583500214003671
1395.5635624938773,14.742385965211366,22.63155467545955,0.23622823997588885
1511.2827720602654,14.978966801707791,23.577660186255937,0.24999184460702867
1979.2288444563212,13.314043280352168,25.773467097310096,0.28862059396616613
1949.6796753888063,13.892648090379682,24.048944386420388,0.2405251150790484
1624.277036435913,15.24215123274715,22.44587780783015,0.2565597671817292
1971.285341876846,13.617289487798349,23.645716547296676,0.25990058272502903
1520.5305685971834,13.834578470056215,24.979313318818868,0.24666673859634428
1506.7887419771787,14.70799236696452,24.33671416143976,0.2383687851409914
1489.8954474380553,13.730822889213965,26.257644048729905,0.2594779820882927
1409.1920387527953,12.661686957387586,22.94619321467732,0.22701787388773295
1390.0546708356044,14.42042740511918,23.700748167518285,0.2879452592198933
1699.9616960764833,14.77384995446318,24.372502719625462,0.2288101401324256
1468.1372652846803,13.56524507719037,24.625578956074673,0.2700093592850351
1921.9748556187415,12.752483172191502,22.379038323706702,0.2874025825119942
1404.4453384854764,13.390266271309194,25.30363724722518,0.20017515641062494
1899.275332123472,12.818773787639843,25.057496316065777,0.253935880115833
1886.4083920585504,13.523753129865403,25.275385669875696,0.24283079556282408
1901.7360758414638,14.799477959869595,24.878802182004772,0.2274044721411431
1763.1792212642015,14.491261125273418,23.973117647772785,0.21993381627240968
1734.55131789913,13.949264563422691,25.43053972171902,0.22685119304464704
1925.1106559852558,13.627552535023584,22.014286611747387,0.29898905503208933
1384.8570616490292,14.27057851557152,22.185807032823284,0.20181015418814602
1603.1196137708284,13.736822174365576,26.193697050675475,0.28267895315560027
1818.4913967412683,14.861590156105246,24.931104120576027,0.2503475603743543
1793.7028826343753,12.789539059513155,23.589773573180967,0.24615192070769198
1707.5439927977586,14.077754150428532,23.322028385014733,0.2652911967976515
1951.406985759929,13.309732328403662,23.806957511776,0.2735781479370263
1527.2523674613558,14.51808978131081,25.87486404588564,0.28684170443322315
1387.180393366954,13.704136251267757,23.937512243198228,0.2203719075561864
1878.8539732474344,13.827558997951696,21.933433551760555,0.2569728546616037
1398.9010421998626,14.182879521472474,24.00232474268656,0.23166509810941102
1399.3760720700423,13.05496680622856,21.944990396128453,0.2909488464461797
1531.6902077420966,13.529458425614948,23.90636797321547,0.2607491718166267
1498.880564285708,14.775307661352816,24.824406936872272,0.260528399178659
1711.7468242721143,14.798112667336271,23.471513240361375,0.2606156850333515
1863.550584621282,13.397640899216107,24.21938070561904,0.28121016901675194
1450.8276392819607,15.166580122336896,22.680678940686914,0.25406286501202907
1372.206496675584,13.286873475606718,24.716609873447073,0.22787077031499617
1677.9472623435597,13.34639054717444,22.16316019868622,0.2550393749343317
1633.401038875819,13.877613222123905,25.738471350440552,0.27183083811078096
1963.8575412378295,14.313212450359092,24.809243627470646,0.2921969314463446
1435.5209718855483,13.527759021949372,22.526406940358303,0.26747433971646345
1471.6786882090082,12.936425395219157,23.892818489013944,0.2812456166042039
1576.7815300002683,13.921646943155634,25.807450661059594,0.2771903496311548
1339.5341881725071,14.566033552002184,23.093513879287396,0.20569449322554442
1754.506863056807,14.870817776545847,21.67449212003504,0.24138426366769467
1610.6352077363927,13.80193537229323,25.081854378421724,0.22142290539626933
1692.1453912997,13.57778639806854,23.960095367097058,0.27946714997034894
1726.3808429376636,15.043495146966364,25.701579435047364,0.25997263089323897
1732.9168957381278,13.048124129524547,25.455257459623233,0.27639331070024686
1508.3567863539442,12.785979258833118,23.313673632841176,0.21990104422846438
1907.1592155424723,14.575298146694507,23.846041214912713,0.21413994577273773
1372.78648775319,14.769485237744073,22.66264216229451,0.28237516218358416
1620.5644237695733,12.83757743963945,26.32945406950405,0.2716555630863164
1392.517142055013,12.885737809861963,23.198659220834244,0.28752711216381477
1588.6141290489468,12.719343779426703,24.808384267744714,0.22880508749454706
1536.9795168137628,14.382730697738356,23.08618705164492,0.2037643940998098
1367.3052083058724,12.63085718548464,24.936452453117667,0.2575109432663326
1723.2873296266134,12.882734836132121,22.152052152733567,0.2416649338148964
1885.2376157067388,12.560743383303326,24.16638207134869,0.28365110824154066
1859.8892727197217,13.479812377518073,25.083565287691982,0.27887562381740644
1605.8653619196268,15.082252810994914,25.715158792409216,0.2469773287172295
1388.081153668305,14.957070085743657,23.809199884282,0.22334564711917346
1354.740843113958,13.873038164464473,23.455175869585545,0.2391589498798571
1969.9319330101682,14.558089416981863,25.856507434136528,0.24377611011473194
1479.8401298975532,12.589676963660706,26.241714088112104,0.29608115174282884
1802.7549548860563,12.538396726974627,24.613375127916633,0.20664358492369972
1861.1500607134935,14.836106905029773,24.76660285690668,0.20547068279970182
1347.0070134986117,13.502482639161592,25.677983865529832,0.28033344913711006
1378.3507957985557,14.48748100099799,23.52289348315825,0.29107366582414834
1574.5366160142244,12.66171292895158,24.080185188371082,0.20870218355207082
1545.898881913056,14.833427960028336,25.968506613841353,0.2315739924886004
1978.8409607681044,13.711982078658794,21.943144220186632,0.22892432180984648
1477.9010035717035,14.308290363113754,24.11795789116342,0.21984864523607853
1436.0227340099766,14.893098333964378,22.63861057993892,0.2672026314386287
1387.3999801253683,13.106601583549011,25.99245137228783,0.21052853011341904
1556.6963702802038,14.08826763552925,21.720186042612482,0.27073525437834656
1695.4570700673244,14.480522264967163,23.04741606554147,0.25046983419544183
1326.5947997205471,14.406322636908953,22.09976134136267,0.23738539544628243
1348.1074881957556,14.426259339449775,24.65684682469442,0.24580904828042333
1737.6232773653153,12.974122401361345,26.123743968556283,0.2834178672006672
1790.9937552304239,12.85790575498938,21.890713205729817,0.2363945524795635
1692.23271783223,12.688009850734792,24.126056531196642,0.24135818834925135
1632.4582065603233,12.677321022314345,25.429283781029426,0.2446326451957883
1631.79205886867,15.155569186663326,25.1515718882131,0.24350365036051114
1872.127424414254,14.542633611387828,23.978542903638235,0.20446684524747344
1630.8604110972256,15.269141979691506,23.908104309060704,0.21416235424132424
1716.0901109617537,14.717440036745025,23.760525458630514,0.2316554593110523
1933.4140182404376,14.149418740022256,21.70440956236481,0.22830484889308342
1725.230794351215,13.321625089391857,21.929011292168695,0.20908836779646994
1769.4635045954626,14.096916964128631,25.242398272855734,0.2007056526106742
1840.5600339537198,13.612333300666632,22.02768846704574,0.2519608490958372
1688.5887687673123,15.15049796305937,26.11483445133455,0.277712140371091
1569.732590165472,14.308449721995904,25.02543453261621,0.25988904562142723
1437.653397036497,13.739005590406853,23.451127748416607,0.2818547876944197
1463.123385225726,13.664342809631545,25.59593803651903,0.26087589607468864
1747.086809342093,14.133793075192914,25.10226787242662,0.29244499620159586
1922.7891208009848,14.846749843644771,21.818485694038422,0.24497425630490424
1775.1668681682434,13.629236253698739,25.558670000959694,0.23363863888142752
1476.3155629438218,13.996620964745388,22.287860334604197,0.2398603220427094
1591.17810277099,13.176497096160022,21.805755813452425,0.257108327557308
1523.0466891332471,14.201986583124832,25.216000171012123,0.23207770666501992
1585.7066562693012,14.951232219836266,22.905954805238697,0.20032330800694104
1495.8277043941594,13.582079413029263,22.438785796250794,0.27944786961071577
1962.815159505642,14.015657101205509,25.423746369760032,0.2074089127887081
1866.4166631526598,14.083260651024041,22.365189359627724,0.26035671211720335
1885.0278399033746,13.704748894352091,22.113368296613796,0.2799308046418067
1756.037832291237,13.153363651917767,24.951360729177807,0.27891156233741393
1783.3479342240405,14.618793886127355,24.22034130164148,0.2894844989844484
1678.9364657748854,13.29707508778467,22.930389698408618,0.2104504706550525
1591.862427509641,12.846757949714377,24.29294616156432,0.2995302562252072
1870.7979294035028,13.450238367876231,22.32045894400329,0.2542362146116208
1718.7328859544398,13.981727419343517,25.74167050742386,0.2208639572702727
1965.7773299350686,14.087758369362607,25.80560652214298,0.25058628043427694
1756.206660096256,13.325401739398387,25.208582780873723,0.2342890717726827
1385.273089294425,13.269176525936357,24.56000762940992,0.29250796738496104
1618.9467822941867,13.274559247065994,25.426526813895194,0.2262937970593055
1862.3646756001408,14.412617460537387,25.42899787399709,0.2649263199652363
1388.9090127186523,14.902335404735709,22.80699471300903,0.2753493081791637
1738.0195560832606,12.701142000963461,25.762406390864,0.2908991473727371
1659.765708711475,12.989512659331517,22.771605882787828,0.28500070096001034
1580.6193780912079,14.349532827795967,22.029348235063708,0.2917479837282702
1434.8222283383702,13.645069108061614,24.794347123909585,0.2670526041951046
1649.3700172627346,13.446649843974386,22.310821536644156,0.2059802209590296
1866.666214579622,14.989709374808669,22.119691953968932,0.25802723937919675
1570.7283911093305,13.337718297857137,24.350388517158322,0.2776554342882129
1747.9375304565754,14.671200254695979,25.232882946533014,0.27216834809099355
1698.204088432778,14.501395905926175,25.762969324270625,0.23682138440819667
1725.110797732614,12.646590245295814,22.04957817546081,0.24389134498771492
1779.1825403197727,14.994680778789496,22.140877666828878,0.2700764648767684
1779.3220621258565,14.991987895250938,24.440242628355954,0.26596798288521795
1345.6701436217652,13.340219723009975,24.875625493924176,0.26868784780057536
1561.3800725503754,13.603279586586693,23.284043865391347,0.26279557174390283
1944.217301921938,14.58360624086064,23.43755314153608,0.2590177985535878
1621.5904881472686,15.224259781547417,25.291826721953953,0.20836535507555476
1745.8231521232694,14.734739120466902,24.58769556483714,0.28039306989832363
1972.0273099621138,14.62519760390796,23.63437604310997,0.28606642039432106
1803.5121357894732,15.217667075578746,25.102084263858796,0.2451091044500159
1511.678630444579,13.351640654426388,25.678115560683253,0.23520226490977292
1883.7774816563501,13.010878776113978,22.220307681474303,0.23342025159873805
1963.7283863304083,13.259491791407134,25.541285214247488,0.2359014581130465
1322.333976368816,14.703163670321057,25.093485856915482,0.2325190710986068
1932.632974278531,14.180755614203816,23.137922574723415,0.25742005055767475
1457.052686399058,14.900695002329696,22.64920442780005,0.29814854773654736
1774.7591052425844,14.715891719538707,23.390288267122845,0.22642967204973166
1705.7856478196702,14.117038006009569,24.409060367644468,0.27643780638922666
1324.629514203023,14.282604836596624,23.59794699537731,0.20882847787536174
1418.459729571494,13.151558451282442,25.101798185161687,0.2708651014586938
1396.3992035049735,13.467907899498055,22.7602900378043,0.2631634919799746
1363.4386290443501,12.51025660705974,24.153955518275712,0.24057254091881078
1887.6052146843126,14.21035927463504,25.909489280267273,0.28121238444924873
1828.0245916325807,12.860975693322597,26.256112794299188,0.26986803137013754
1366.2534891157952,14.260833405153301,25.039298547061208,0.2795694193549655
1900.61312066898,13.436773572358977,23.624252451009465,0.2686346790463146
1425.8463045812762,13.603323487953165,24.291044942428606,0.23054632205512188
1559.3114889510066,13.087786503645004,26.187837924756987,0.2950544206903049
1814.8826398719566,14.35338163181806,24.475417459419962,0.28124152302968436
1339.9276132374732,12.779008746038999,22.47368826056242,0.2397886313259394
1737.1685114031804,12.589296062956118,23.21483137556043,0.2695202125035149
1516.1576411065512,15.055273392473884,22.692178190366423,0.2502588932635328
1735.9408105441764,14.16203259215191,23.046689242397367,0.2717388362124872
1416.5286786778945,15.021246079221994,25.917219115424547,0.2302665188036763
1686.0079430687842,12.510462504927304,25.85094946044235,0.23392818446280694
1358.9326028827322,14.11683773813268,23.767778335392862,0.2278684989120756
1927.6740157996676,12.566017345175014,24.46734485736974,0.28433856839878285
1711.8207337657373,15.26482879034584,22.96107695679823,0.20349138695469957
1882.649207754102,14.801697945880218,23.038156854453266,0.27331660670169
1514.9750137069109,12.848547419828572,23.695583618854656,0.29013815315693137
1962.7158898772173,14.708999043686422,25.448930207164274,0.27958093755997904
1686.362711528415,14.632399751002394,24.688307833527297,0.23078141320409234
1400.761965402193,14.03998778319128,23.31367399159373,0.27604666528815863
1403.4118128441087,14.691555672247448,23.779457268060597,0.2949797733733318
1582.6486020711275,12.92731037186869,25.784656129674648,0.29132210016137755
1918.6151871081677,15.227410093815774,24.95957154641577,0.20619715622629403
1622.901428462,13.022392901165292,23.48439608449192,0.2337917541361005
1418.3987215247837,12.8708073375411,26.225325435412184,0.2936879980256902
1485.4371438017697,12.508332217950938,25.250341653572004,0.24334721655192915
1763.688487019124,13.368381147776544,25.683129942961035,0.23665109780837235
1345.8191102354963,13.472010890374046,25.925818901890995,0.20129545558382322
1497.644796991004,15.183157033493634,25.040575452780228,0.25341884675576765
1968.615436867772,15.227579292040417,23.704350153095593,0.28207534820032826
1697.2347466177134,13.982163046916959,21.889619467074116,0.2534995541316231
1802.8942618141662,13.012582599660396,25.475277653302697,0.24628538193688873
1647.1850225391236,14.483395838607553,24.727122699554,0.28963193748028754
1710.9560918416082,13.115252160433341,23.30231057120294,0.29262993420028904
1746.3384060751703,14.458467652060571,23.32263815060466,0.2061680015956245
1934.4193451301924,14.21535579650843,24.976891994869117,0.29739629903066156
1759.1066791829107,13.685880211681624,23.924967852086333,0.20757817428114891
1390.5900856169,13.723783261141454,22.90457939719474,0.23154822808974987
1498.4315117238314,13.362008322842032,23.656954437524202,0.29273092686948526
1499.836474807903,13.981660263176906,23.80166135513751,0.2369173892082831
1887.2288554898184,12.738995783235616,22.11351169800981,0.26968766148775664
1679.6413273215212,12.508015154784008,22.847443537765773,0.28448833963724013
1322.5885676919129,12.842063540247151,24.982841525503392,0.23241762531973528
1567.9841398424148,12.572460065884874,23.57718829942425,0.2658670022840354
1888.7162055573979,12.946516214879018,21.730311995762943,0.2411815818125615
1937.2099223135465,13.917364631599163,24.694448461571447,0.20868817606233994
1388.0734191537156,14.473278429814098,25.684222087432946,0.2826555942879422
1385.1027590937929,13.967492809073077,25.942756756388427,0.25884055829836927
1746.3807105579954,13.833283962660559,25.559708442585983,0.20879248732194583
1437.7080435130927,13.826202340756161,23.529450673936392,0.21506096463379706
1745.1116512222018,13.325673398162136,21.925853036599978,0.26032960112970016
1706.6985378794811,14.800301660449854,23.50613760102472,0.2188426575245051
1588.4743872505665,13.41909817161164,24.39121527964564,0.22080045587336464
1476.7118435096565,15.031048761073958,25.601254577222832,0.22545435808479167
1320.839629084513,13.814561155807414,25.599498391344735,0.2587913343579389
1704.9815742083583,13.409266792224651,24.318482387927034,0.24223854891644853
1562.8485255034436,15.064938532143774,23.90196830756621,0.2767618081905986
1496.5385293261256,13.895044756585431,23.05821272795543,0.23267506737610785
1431.7186936334022,14.84675551908855,23.258755617474694,0.20278592801335632
1377.587808482021,14.071245321158601,22.41393297831792,0.2918824084505101
1866.9837324099867,14.946811539357244,23.955571068599404,0.22748006219322475
1467.8061996331003,14.199379098312361,25.479171983656695,0.20457546201869828
1594.9845655002362,14.201567195609687,26.10718467504323,0.24163680621282702
1684.6172545155498,14.9132332285815,23.3202219925931,0.2952608550131088
1747.1944663293145,13.110324565231462,24.303721742844154,0.24404428869453126
1402.9538912000014,12.845734419941559,23.727535900412057,0.2174701912373207
1538.5728627138208,14.129968839683944,25.340785161879175,0.2451976639976424
1695.5444304262946,12.669748326898915,21.62898198842046,0.24212190192426788
1846.480860057274,14.236252507182307,25.052933872548607,0.28023352616329145
1365.0780229562272,12.623394492969082,26.055744484225155,0.25343176580439913
1603.961152589263,12.90529553042593,23.779779686714633,0.22966227980415907
1485.7000233210897,14.583515126382924,21.755625128192122,0.248623247566105
1660.633023759479,14.010611593846788,25.2670743876678,0.25427460691968795
1740.6328525649765,14.891022554723467,23.750963862978224,0.2737608714798919
1836.102720815549,12.940046510231376,23.890440712581263,0.28600627364125053
1662.2533854081148,14.394204650030956,25.997003427747607,0.23056705152242163
1936.6304329021966,14.964678279922603,25.034795043030417,0.246081388827955
1735.4072082686564,13.19636221243039,21.7001758458612,0.2784092157155748
1791.0416535126456,14.118094407564028,23.870178357429232,0.22441126287733415
1368.5716994689117,14.974700318503503,23.02160386629678,0.20906303539398208
1836.2287175640008,12.651662697090027,22.6791996283665,0.22403444167400113
1619.5121664031637,13.026765770738814,23.650577386685264,0.29983811234641833
1673.4765038618887,14.484649641733856,22.537256968206922,0.2569827266319612
1755.5311692360508,12.907933295383993,24.500519018087285,0.24746598018455837
1390.5296114636349,14.930714361157861,25.998846118937376,0.263018638656006
1513.4570749073507,14.409094520168157,23.082296705663286,0.26371108490215006
1717.257875837061,13.106461895621651,22.38295684324032,0.2723544263866871
1965.8662318742752,14.96718097400237,22.270647797959956,0.23600014329034444
1509.2919649151786,14.175162099521138,22.931792493442476,0.25894304710372623
1704.8801781248858,13.940009634106897,25.483196397695192,0.25725305548779537
1965.849362947914,14.373530999060742,25.58829040467707,0.24653365618618273
1370.4176518608867,14.041451809572775,24.967198440607337,0.2161156884260604
1369.2944913412564,14.392727235411998,24.392668903385964,0.2376819512070495
1357.6352237266537,14.918155511710356,26.04838312828975,0.2311716143594387
1428.0773814010624,14.804970351105176,21.649648264099195,0.2578680550799235
1520.9676278344373,13.462194237885456,21.6644488450061,0.2589250818890038
1400.5062412619245,13.42735955745147,22.03075813119211,0.24160660346895269
1732.8697560211856,13.31565858347675,22.562207421378435,0.2261480585763519
1757.5489907919978,14.21312674688686,23.95179020554168,0.2537177187364863
1522.7242062869307,13.142742303798766,23.51381383539043,0.221437990322729
1625.7723035223514,13.805097194433557,21.95073272072846,0.29860383152881786
1321.3803135096814,14.775047258975317,24.01816835149409,0.23776605713591709
1812.4623997465578,13.84020628516172,22.82774186602642,0.2842947677857372
1518.501410284082,12.595933957178358,24.77555609947161,0.2772143909263238
1786.9002977793682,13.160296725068276,23.968695990412208,0.2584950115354219
1632.2818481360566,14.54608698315367,21.672983066028063,0.22526138266260662
1955.1465830924972,12.61503518266259,23.41363130209443,0.21568897868413106
1777.9991016068238,14.673782972843417,22.730634971154934,0.27301637623113095
1379.7671879566474,12.51302607474609,22.563738829737204,0.24580674798735808
1756.1592345583092,13.72202977616399,22.23534665691725,0.20281417343697233
1778.7449091424257,13.50287218832452,23.616484117506456,0.22494953386235744
1737.5588866499413,13.091056677071899,24.209301615095125,0.27107471304460395
1471.0976977114983,13.960747640289007,24.759617453953304,0.2801589250186587
1919.378041946056,14.145701670717004,24.298721912132674,0.27853864960764024
1472.7628874237382,13.79595716810617,22.908273563383073,0.22300053050444416
1809.059724840258,12.575768240768566,23.84340639315687,0.25762444452340716
1744.5386362307809,14.814504914740164,25.431091425258472,0.21829976044172464
1503.9432438941544,14.661848216809691,26.364074906477118,0.2202491826636474
1970.0973138297556,12.970559556364071,24.050251163024086,0.2122269218407454
1818.717293941488,13.065445465864604,23.463922051010357,0.22124294445937176
1449.724379144691,12.767912991520706,22.045362763527102,0.29738810180091546
1852.3924763753394,14.32412777818024,24.290137972663658,0.21705357168918168
1411.7133441068108,14.869458051247344,25.645459189949506,0.22710850190209866
1527.503347915748,12.796324692875563,22.350653181593056,0.25757330165914955
1450.1860450972822,12.965188667848858,24.83265840128039,0.28412182596322616
1467.5700379689076,13.495923370928379,24.97707988909047,0.22424694781934576
1537.692684039609,12.724673011485788,24.215918947303138,0.29500506075696004
1616.8467690115526,14.516468726291828,25.2821679564604,0.20218437170283377
1610.6888154681676,12.838239823484455,22.928076975369667,0.287195826534288
1420.7715946958713,14.874977702076505,21.7199212551953,0.24427721325871532
1661.2901937304348,12.569293622439242,25.931553193903703,0.2605534918983006
1658.8569098744388,14.214353898066763,22.633650110386824,0.2650212586713599
1731.2631156039379,14.630264943011666,25.30287582045196,0.2619731684259491
1625.7092120868638,12.933706591098893,24.351576133097577,0.20032917820551518
1904.1620026433557,14.066894654798217,23.15486956187184,0.2689293604175669
1554.9269007020312,13.9064932262402,23.268966036215712,0.28116545018562716
1555.1434057193778,12.949321312663088,22.193338071020317,0.28650286830659055
1889.5621736925798,13.491369384416917,23.50387347668679,0.2722664280740077
1591.165482766337,13.757509385023228,23.77655531962785,0.25227445940344023
1561.9272112682202,13.042305223189613,23.834873322224563,0.28460793893687825
1871.9076361092275,13.250280962409711,24.89963798996128,0.22028170539716518
1591.0893703343775,14.559879234927296,22.812449025753615,0.27278949980036815
1875.6819348296526,13.7046486456186,22.0505610621346,0.28412060805457334
1403.7985725820733,14.2976989935678,25.338630277569347,0.2757385992623576
1821.6875874418924,12.819532397631544,21.7208040996302,0.23159082988492652
1765.91233066831,15.038346957480442,21.64096541258237,0.28327284908770656
1621.0534599675884,14.327202661908945,23.88564622091995,0.22000853772057002
1600.7604760448637,12.818288515896558,25.758922583339693,0.23715911991772265
1942.140144438497,13.384214200908877,22.321222079156986,0.2673808977585718
1711.8694819488896,13.898339133496346,26.309213126126863,0.2822589946601416
1554.834460873843,15.23994010794442,22.971958483848777,0.29534685584128423
1720.8802179439851,14.922646800206955,21.816693344428217,0.21482945238546886
1900.3334579539694,13.568375230592558,24.485908257927687,0.275555495305691
1545.0648400884083,13.765648952582017,22.03163210721174,0.21451221834265588
1804.42030657111,14.051707943301237,25.963181014508823,0.2621479582142983
1689.348419472223,13.451970233987188,25.152149665990276,0.2803135313148575
1473.1879134268675,13.017280556276518,24.716232380143225,0.22955060163987143
1615.1187808275995,15.047913013126902,22.76991747978594,0.2322523191750422
1464.174590109641,12.505357847595576,24.547116669043447,0.24947886523934026
1642.2123801595314,13.563897818333693,23.263567670475705,0.21882624066765197
1581.6803610309378,12.86474234308639,25.036371159334823,0.23424888184856604
1626.1526748428519,14.222076423292947,25.84308260759359,0.2045445487103598
1785.6351024213836,15.02674179071721,24.67324526118011,0.25630134292348755
1751.3927566538955,13.938178759834985,24.882192319986036,0.2536696114643715
1491.816344220184,13.80786212508548,23.151126007936448,0.2841065256489909
1516.8034428959188,14.175567517675209,24.218962396918943,0.26448056647048357
1809.9823457890607,12.773246878591795,25.643876393400745,0.25048215505650856
1448.9522051080432,14.44971468206223,25.240106156324615,0.29071051209056625
1821.430268600518,13.67883831322527,23.37954390859618,0.21788528278300237
1530.6877216048715,15.07899261780503,22.212275812046364,0.238900450144691
1336.2256523682172,13.967536997159582,21.975555001537998,0.2659237227347762
1717.717963416322,14.824371005683636,24.91527729139344,0.20925366455424385
1973.6504933721114,15.169239503980899,24.90473227461036,0.28628791425288125
1343.8666638525385,13.339002784705865,25.87541889773178,0.21976571418196225
1893.6990796612965,13.853252034950366,23.827342405962487,0.23662370993170145
1450.588004494908,15.08356448180343,26.12114925298381,0.25551075575534865
1570.340993307303,14.782760014993334,24.12106649677046,0.27302293369645214
1800.9909466154604,12.935521662579514,25.680749822065607,0.25445232677669777
1878.8441813326708,15.01281473073235,23.330217501860684,0.28876815181522236
1592.376815380372,12.86206051565036,22.99811205773582,0.2702537771891564
1811.6842764970522,13.417022848741874,26.232779498912457,0.2286766716908009
1825.1703956660363,14.412715430243617,23.166614562909675,0.22323289859772494
1832.8174610389553,14.159842212732705,23.693266871108744,0.23305720424441823
1663.130456332496,14.422691723577982,24.29834567322651,0.2720807627470188
1908.3965791728629,13.50221208980086,21.631848156583835,0.27582261248387513
1366.686407112706,15.193999783740619,24.120344592064548,0.2847920970529959
1576.5686114673965,12.5764696449167,25.799455163196036,0.2731412055599121
1506.2221071448962,14.56452756686433,26.281512418953405,0.2003318149939416
1493.494203717793,15.123520000644739,23.88629112993378,0.21454534882005152
1770.6530977172931,14.363366462861414,21.837086307468173,0.2993548085267759
1453.6142982009635,14.8844890550188,22.39012659574449,0.2027449581150042
1693.0319726781415,14.611505201690358,21.717993775607386,0.29880472179738676
1879.8671459414547,14.268964594364713,26.07526256023395,0.24671853567737803
1892.6621719464538,14.013906264116967,25.58524218108628,0.27146529725381763
1368.5614253391614,13.854735774310736,24.88542497682901,0.2304595493980057
1651.589691853689,12.631923163895115,24.1890446611067,0.21041028599685097
1502.1645603185973,12.560991975722152,24.504809688542657,0.20659172935925857
1954.1184377307948,13.664446340469494,24.009476014928364,0.20330860470412404
1944.5179274802344,13.100143281736944,25.364871391583904,0.23478969427153218
1650.473136634107,13.325222496508225,23.35474594292905,0.27582192556922075
1619.2593347566713,12.818344532541337,25.89035740231492,0.2283226322342835
1691.2362402192518,14.485847737587141,23.33874371351816,0.25186322946834816
1874.2068823829543,14.091715850900256,23.886376565318105,0.26764569468620897
1563.9437372203672,14.373593793266009,22.074123118409933,0.26798678721671576
1807.4871175745395,14.90642667189031,23.720379910737933,0.2228918629016374
1659.0262773888012,12.632591408474005,22.566443329421485,0.2559280464150318
1444.122940387568,13.772517458212063,23.916988854276276,0.22159177141269035
1669.567139984606,14.826612269221897,22.722057524285187,0.2992659751441276
1629.204065208973,15.034636142820146,22.84688309972531,0.29945618450105554
1655.3115256824963,12.756443016029959,23.079696849266245,0.25471735462605605
1811.690052408563,14.147156966606888,23.96432760659314,0.2501827206752118
1552.5462750921415,14.773567148356394,25.806408966273725,0.27773270842329933
1571.9193631743856,14.079547964957666,24.093319518477006,0.24208304533638664
1555.865424616167,13.787131894870862,26.251137627237025,0.20557607151293011
1652.933738163581,14.997067763948476,23.087413344280872,0.2434524395150867
1916.9087109401544,15.274074095515807,23.528863503211074,0.2800992298207567
1426.990148207561,14.054246628569723,24.358595048534223,0.27364380539446975
1375.5136928329337,14.722268929546898,24.477629890700634,0.25464745816324913
1503.1275476612393,12.554335149947525,22.37900003557314,0.2904086932815349
1979.1714429217536,13.665891144367263,23.803502114061406,0.26047142415279195
1654.54771304229,12.503970286703048,22.917426487068287,0.2876402389562149
1381.8358972920446,14.488539241342828,22.937820366997663,0.26795575522911336
1341.431901280246,12.857381678145984,22.598940576738272,0.299917008130138
1901.0032929316235,14.313544532063887,24.187294413835264,0.290113010871647
1741.8872723384911,13.62074371272297,24.54340241459511,0.291561147818588
1833.360066097428,13.662278970819656,23.680931488671483,0.23775722661103355
1565.0525678918527,13.240285690669333,23.25865726011494,0.29902041675452407
1408.8391869122863,13.457759366695784,25.305893101894114,0.21569205771307026
1440.0769302928404,14.067899784745599,22.942541703877666,0.2020414275167193
1711.459587122839,13.482941671328758,23.214128259646397,0.23997337364781146
1924.202948791371,14.785287033176063,23.906006625754394,0.2929802013788036
1947.6254539062402,14.899959657740162,25.267699558631964,0.26381912121239826
1951.3719773405014,12.995774951804744,23.68356782905529,0.21374795251131717
1872.860056760629,14.637136094644042,22.77232667909814,0.28153359978733083
1633.7059984411146,13.368889884182177,23.2972607543237,0.22721619206200477
1829.5623443846364,12.807180967488334,24.46344543534931,0.2688548546522485
1749.9106902390815,13.033923126092576,21.788414376997547,0.29627133361258057
1444.8679692804862,15.030728693134163,22.415021668416593,0.26977506958542746
1868.4026686481777,13.847841017871916,24.646241418049197,0.286286457801031
1895.8147735783164,14.894028527676815,23.495178296241537,0.28777633241036354
1509.2743970486235,12.86494013715793,23.76088833503259,0.2898166530991176
1709.4971117703478,12.62833811498574,23.968819257005322,0.21159935345904393
1775.6770081873701,14.154255377720656,23.277030100222667,0.25560694729174227
1423.6470033531507,15.216316861705812,24.084484772781796,0.2502638081851631
1500.9827125993065,13.928594519071446,25.92679914099966,0.2376512847626239
1614.6977910315939,13.398449089587583,22.811715412990544,0.28235174272207436
1898.2664383935362,14.334449463131262,25.435345473009473,0.2654307364081586
1820.6217569881662,12.919226770368702,23.224972020989398,0.2637937632335399
1778.8758521160466,15.013382299440089,23.6582695006807,0.28477775759456403
1527.071286805465,13.16744582403908,25.71197902550529,0.250981564448313
1496.9551731090735,12.910529769378865,23.582199028166578,0.22495325798507002
1324.8904120020447,14.410630466528715,23.194200345811137,0.21266031870515983
1325.0021430033603,13.721787821103776,23.07439168715615,0.2328148872080196
1594.6699810981736,14.061455426478005,23.522910104472764,0.24182852492553364
1629.6034931950019,14.497101153966474,24.62802110478257,0.24333208731933165
1357.8806040006175,14.279229434508808,26.387654842068514,0.2649207611043615
1667.1571069010797,13.881904050917953,23.082738163878552,0.282863323862218
1650.1158290748706,15.11082749527429,24.38763330165228,0.23506143609387867
1823.2926136871488,14.473816507195359,23.373267827470052,0.22563973242413385
1783.0668367271335,14.790867939100625,25.010472394503562,0.29584885748518797
1566.3178125533786,14.523255780472763,24.91980205784527,0.2023920807422221
1816.9945278596854,12.725266246688802,22.093412731278416,0.23297962209704456
1783.7328781138103,13.878509578850766,24.237501802447504,0.2575971535644938
1625.5658867799216,13.958237723610516,24.388769027697418,0.2431933050348211
1649.425369268951,13.833532439614897,24.963392054845258,0.2566675465590482
1337.2297541625949,14.121404569008883,25.04058674996607,0.23358723379194216
1397.7627122456124,13.505940639196387,24.189549553652736,0.27419646283543586
1844.8173884981131,12.67957841486017,22.429655689419928,0.22987346593141994
1416.1257191529342,13.360210771209598,23.88503213206187,0.2807031798995654
1391.394686588529,12.857393565402644,25.529187673020704,0.20117492924178035
1591.4782695491779,12.819770985495065,25.068324127249685,0.2643603907751022
1539.3869270369473,13.379776345102965,24.4939141076479,0.24479035847810643
1694.4652017252442,14.834725678588853,25.057170444192643,0.20735583542789848
1524.3005035692595,13.691791579366546,22.595031502187314,0.20326832677409312
1964.718482406396,14.959760420660144,21.91851349424818,0.21406890132911408
1853.7443359086292,14.034119170392307,22.367497568137296,0.2924675860782027
1703.299033352558,12.535085184897284,22.75894656260056,0.2091579762737827
1475.6118750203482,14.045278591542914,26.110255547620458,0.2443071543831416
1597.796658642885,14.788022179904452,21.618492795905958,0.23789295277572298
1891.1644119064083,13.59322055652724,24.538914785605357,0.2761411078410076
1569.0703102325829,14.737847976086936,25.65383541897483,0.2198597924522752
1322.7300732775798,12.7846796202752,24.53646100197994,0.24203572914824079
1680.227124029072,13.99890445930543,24.181531268176805,0.2131314277611127
1526.4135679158182,13.395962578354577,23.716694030976278,0.20398530383100108
1648.1954447299695,14.282851170563777,25.635630812755018,0.26792329537164866
1596.1003214039051,13.661119324363025,24.583903700119684,0.2624321225756245
1456.8227111007648,15.158706553366137,23.027781333654232,0.26205900815701066
1958.3579030381243,14.55636944084009,24.542212179691695,0.20605758671177313
1953.3139609317163,13.932877253952242,25.59382473267684,0.2664454168987189
1935.7625296453705,14.210074343031485,23.960737148187835,0.2687597878059034
1343.9943462787326,12.555386607088355,22.94509246313386,0.2563176000438769
1523.710308164541,14.15004653128933,23.495179161965005,0.2710330327568548
1955.1210678786806,14.908096928721967,26.347003128217818,0.2860198413695915
1694.7603665915942,12.83500247132452,24.813311591875653,0.2919943623140092
1738.4373689858412,13.901889460992187,22.099059902539747,0.26394554108458784
1523.0023552776893,15.076089828177725,25.066273157029663,0.22588210373663734
1823.4582493132416,14.379741242333337,21.921685581595764,0.20737942144946447
1463.9130832545904,12.993107254309184,26.318219416451832,0.26938592579866266
1890.1435340660341,13.289446448836454,24.471447176008017,0.28074061664137645
1871.1174368836116,13.676447987117488,21.93291509324574,0.28989605013805053
1653.3025289311815,14.795345854716663,26.140944796724735,0.2116567035477539
1477.2737060588988,14.856212301415763,24.401129411902847,0.2893662989550927
1705.5755380085163,14.872169331499371,22.92629410212041,0.21392975243105675
1906.6194335192367,13.055004002546546,22.75919683753427,0.25255709350883493
1366.535771918547,14.249427102790724,22.05111072104636,0.25363187079782473
1862.1811480542794,12.68089459431425,24.943971827732522,0.2791655984723538
1330.2729304049328,15.185368081217076,23.11783563696127,0.2544018804084615
1973.3683812562022,15.25920759267341,23.968052979501927,0.26910888239811337
1968.952440823855,13.432600403881166,22.02072408794365,0.2870577709874924
1322.346749103984,14.825088807242192,25.99414693432453,0.22299590168766423
1782.739998814787,14.771006247102868,23.651704648349963,0.2626928010569003
1491.0754862268086,12.947880965153347,21.615217295411913,0.25848278327546975
1398.9734234209404,14.767608250160773,24.060220112060538,0.2790504036228731
1482.673190403266,12.760450354827837,24.4288097027592,0.290604521543231
1592.142398462375,14.316799195989258,24.025793668308914,0.2644068974271305
1847.266079363868,12.668858580453819,25.191772134863715,0.28937179920157435
1836.3911439664885,15.14003936229767,23.404178096990925,0.24522601629741528
1810.123848588764,13.036792810859215,22.67685661457692,0.24452121168025667
1680.3023330519868,14.477405507671907,23.116948474120473,0.24854073252925696
1527.931776725919,13.43546297038377,21.74651264633283,0.2806590635789055
1750.822593049083,14.211603360760163,23.77329382385053,0.2663990592224596
1469.5684802046173,13.624122171608873,21.904521427972213,0.20399595933054288
1324.188253478202,13.721779834031889,26.193592187673328,0.21095288667458523
1778.6227638097916,12.755637286556112,25.036790462757775,0.2958104617822903
1739.6766343558324,12.849819722788789,25.906468711080247,0.23457658492813532
1513.597778893476,12.737841815102364,24.024153091948463,0.234909103196429
1867.891905342508,12.5653142753298,22.920945288225347,0.28762955577668137
1551.9830540362852,14.672501502045506,26.00728879028379,0.2559289319951983
1819.4547909422565,14.25952918850672,23.61803706025323,0.2039996659023959
1387.6461757073473,14.245933197732798,23.290842452795292,0.22852882115432865
1922.1547619997832,14.285038685778934,25.599859951399246,0.20830512918510266
1457.713585571027,13.337860482387917,24.975374894074115,0.28073864104870677
1656.1343885565045,14.57680839259733,24.629601857471517,0.24339298838440965
1940.1735095230526,15.253863600466316,24.7017778706101,0.21045080257555532
1690.6087211313106,14.416103359364712,24.582614243597522,0.24452860170722998
1628.080172771122,14.589113098899368,26.04368121770597,0.21268042209815635
1722.4373693386967,14.198758718494451,22.20402550510795,0.2020277722410959
1446.9508986486467,14.790516727327496,24.96003701382337,0.2818113315357503
1653.1582265772909,13.205233472708496,26.339501353863263,0.2996291694276736
1503.195449584679,13.356324064872048,26.331410117429467,0.29120879167988034
1489.366555745605,14.870484210198967,26.348501150411497,0.28254473410929815
1364.404659809925,13.814054858479476,25.51210042475262,0.20199508662392882
1798.2711481232684,14.108422243357055,24.303907657091184,0.25480287602344104
1674.9930555533633,13.773513964925144,21.798974751493315,0.27786539841349606
1429.0072844276337,13.77488270085043,25.753160415210637,0.22951378439726433
1710.4028555634627,14.152973740643398,25.990520282590314,0.20462434481850927
1700.7898599152809,14.081271673751084,22.406973713626396,0.2338516980300492
1672.2750247543631,13.526323558398367,24.24538689036025,0.2893185499159664
1771.016759152175,13.154923666234689,23.21482419047992,0.23809902769340624
1499.4009956102682,14.671972520323846,24.58335020910299,0.2272690632794615
1885.5547693594274,13.864023273074897,24.213767097822956,0.21253701866665495
1498.2160164856439,15.14625926679528,24.124890281059034,0.2963798775631451
1790.4458231119156,14.618330482887464,25.465602892075648,0.20446393722527614
1530.5731723245985,14.600186345890068,25.033891301478395,0.2992450144743893
1826.9001033395432,14.989239520673594,23.093789065758475,0.2411353557637258
1721.2164925430018,14.748337880436209,24.22127066816305,0.2661110762782615
1769.127862083051,13.33521575736273,24.688426153017957,0.2550783672018782
1672.2769958950573,12.50799427977098,24.40870579458106,0.28357426708408684
1808.3099780615082,15.06085972380843,24.337353323229404,0.26571008064296087
1383.8154462686766,15.089087767928147,25.19024173319406,0.22650623072827428
1356.7754677859853,14.075321130706564,21.61078591777914,0.20672137729902296
1420.1945504961097,13.838193554249251,24.544846435642352,0.2547987697828709
1905.4100412483442,15.065902306126942,24.369099312255283,0.24045203304635926
1807.868340695691,12.553691214386175,26.11514733029527,0.2643164052730589
1344.3544457083215,14.828905410060214,22.126436024308894,0.2822687835763959
1931.0932862263305,14.936044968438567,23.26720622584632,0.2348951714667545
1737.5506416405915,14.999937874346468,25.003368054639882,0.20916411087042178
1651.9425342965972,13.044011024840177,24.355122790184478,0.22606637663758272
1604.0608806381877,14.207040190732426,22.468390160378572,0.285300998710467
1514.9849619444635,14.797257017486741,22.277660144471692,0.271362187174179
1845.043184251927,12.698541627092101,24.179789860268638,0.2882861233341553
1652.219573044364,12.87181981109309,22.824193541675214,0.21558947637274659
1332.6385773829618,13.358449236424017,22.70474563346917,0.27318147494664613
1732.8665552783593,13.054119403140069,24.79530901855485,0.2136093354981716
1357.644399014662,14.090366202081192,22.359142887056386,0.28596090043776745
1548.821957131064,13.584074930512822,22.54881190074449,0.29004402963979237
1689.7033768954182,14.243365950956639,22.811642621794494,0.24300901138654055
1519.7230136158496,14.448855680875205,21.98624246830186,0.29347591794266387
1457.2159193581047,13.31679869109453,25.262154824263714,0.2149204052453967
1345.8794808669518,13.07912489947131,24.724539630023738,0.20879979559898987
1938.2645839562147,14.682988644880638,26.10030597767175,0.22622090515904777
1609.2700814181496,13.79510792765429,22.777138113076056,0.2927356855917904
1907.902043099502,14.501437457973966,25.427428065422813,0.25926791954780387
1795.681132303134,15.207223816354498,22.282349627896487,0.21759801505553625
1842.6769877072093,12.532990907126301,22.00484087991501,0.27517098809357254
1474.848664470293,14.639874028830343,23.57148036150633,0.2527474500720244
1885.6004859997913,13.617074889563412,24.316133537462587,0.25743344490630504
1651.0433319578779,13.08587558643256,26.2924551432408,0.20698452964920588
1937.5963468457371,13.354006755591183,22.163036767071016,0.23577158053694042
1923.8299626091627,14.304231544789161,25.1352628058218,0.21375176488579345
1804.9170561350302,12.652571299889162,25.084624998707827,0.2922185965028681
1502.346197818824,14.573753462803971,21.62709893628277,0.2732909811979038
1871.7352869402027,12.668946346681105,24.37413345237145,0.21803671241122558
1777.7854071157058,13.348245530765373,23.838701591474436,0.2547591744317229
1487.5135351674714,14.620238024344347,21.654989628428936,0.20708894267154954
1491.5854157157548,13.554673778866347,24.418979817022795,0.2581753115989885
1515.3782344330261,14.828430163692499,23.194240415026552,0.24548273606107496
1428.6427612736172,13.0589505922035,25.296037598839693,0.2303205994629927
1429.0647708527056,14.238610569913156,22.561308532812593,0.26041367277278277
1772.9887635292534,14.130174793447107,24.165752575903145,0.29988501582170285
1416.4344516157125,12.936981089904386,25.65051955345881,0.20226350959648962
1341.7800242815065,13.786903891602144,23.30533849175143,0.21328361213234406
1669.6758951884349,14.516433839324161,23.117038079380364,0.2772107051766121
1689.2837553828613,14.528732795166377,22.629372781505715,0.24745186247367987
1507.4812302978844,12.592791346731342,22.36600695966203,0.2217119203973519
1447.6540635115884,13.721542964320582,24.40874362028102,0.2917725852167303
1373.910454173147,13.12045065533403,23.597755075702274,0.2559944472367064
1922.787091991538,15.138093302777536,21.89557120994942,0.2713064711256422
1620.5652769256733,12.629573523667647,26.006138954088044,0.2548017058947612
1960.0068551331688,13.664119022159781,21.835404546523364,0.20501329438859314
1822.8248654267845,14.502312852494294,22.927656442403002,0.20570609855707248
1390.6758670000183,12.582499780209528,21.85022159796213,0.21813186342844795
1688.3705653662585,14.885771624893271,21.813771922839823,0.26410656366715923
1700.7583656504496,13.833382397118681,22.193574923336232,0.24235445945072528
1353.0178281774222,13.327820558197255,26.29695121201298,0.22125677143719663
1679.097480297734,13.627197075377849,24.48149964381864,0.2204775762248325
1604.8273998354593,13.066740130126107,23.42826899423333,0.20560560639685962
1370.0290108607712,13.330453252304256,21.683134534616887,0.2153676497531621
1965.0017078862063,14.700847404912546,25.372014955069687,0.20661724231349857
1930.4335466045886,14.643992823829562,22.56437855789549,0.22804571185337244
1708.7309998424028,13.510483896147026,22.220051601833326,0.2626183294306905
1408.4330665641226,13.422044255827377,25.97445251412113,0.292127885734418
1345.527709519385,13.996087919034995,23.081211452651214,0.20490485098789735
1688.8246862717933,13.985709887370218,21.71889336158293,0.2718787968859465
1604.8018559938762,15.274497337525455,22.546131705525525,0.251539753474543
1855.323341824868,13.430957224207322,22.317508591599744,0.2690732425882712
1899.201661385599,14.379490285526451,25.480036334988974,0.25029790019567794
1652.701815241445,13.734605935745911,26.064813521581147,0.21099212441645215
1410.961200973891,13.642439277340266,23.486082969880894,0.29949452124233006
1634.2974789697341,14.373530694183819,25.64296144633706,0.20387873835143622
1642.1836900662147,14.345396851312659,22.260979835865097,0.25877128928852383
1944.859547730298,14.073497191711944,24.78980856299553,0.24986242972570918
1410.3592152559322,13.015560411455962,21.92459468101994,0.2889658967076974
1505.5818359247846,12.758691834473732,22.014014085955637,0.20640333979131972
1669.9911309235038,12.56658989067389,23.545408189572477,0.26046994739219803
1464.963806554379,14.14547671671106,25.38885324758105,0.2385116855758843
1635.1941137502415,13.211313436545156,24.951646151054934,0.2566464736638528
1486.3031562707602,14.51277059977195,22.34330867485344,0.24710345126650182
1660.9540351499938,13.988610799758876,22.313749035552036,0.23388741584025316
1922.7484522197706,13.22130935264011,23.364209657355907,0.23613991382297933
1529.3290677386094,12.826861569496929,23.920531211057508,0.2026077363198271
1726.0594166869446,13.348045583128856,26.10678828956001,0.23674207271981787
1503.5070858725667,14.726341999092984,22.611213448801816,0.29631163969890323
1339.6914382210732,13.269743649790664,25.123834525147476,0.20065101287861686
1607.6797436622153,15.097568536426218,24.39335862438258,0.24487085554124802
1749.8368786285357,13.385564869503645,23.58735320166104,0.24875344408393782
1414.4843182727845,13.016695825077038,26.26814421845289,0.2034930805258951
1448.101340089189,14.567453600229625,23.245688029273605,0.2989790440701277
1339.41002880366,13.602724518325267,21.801566781199583,0.2560594778968854
1389.467541929766,14.174389170684572,24.865922858334926,0.2393166987007127
1599.5207901449992,14.673848512337099,22.37245928028612,0.29695782644381763
1692.8869260906422,15.006043772878986,26.228009899312866,0.25816215123450265
1633.0856559543354,12.726393849319914,22.324081003252832,0.2966515455579448
1361.0318450137709,13.798450192696455,25.128170653747556,0.24894353209530637
1332.4948367238562,14.27221047884652,22.19104284235552,0.2488096211466529
1451.681513913695,13.52513853556132,26.331253852654008,0.20042902471314278
1418.4414807663495,12.68458189885535,26.19163596386516,0.256411106595136
1690.754877272908,12.835397737213116,21.943320597819266,0.24488730336328995
1940.4771197069867,14.962391799221148,22.15588015932855,0.22156018291264104
1504.0164355019945,14.280351019639888,25.457532744537602,0.24361540668091566
1486.6987462930797,13.633665851084059,23.65475139824827,0.20794788444220644
1322.4073460064108,13.377016567404892,26.251638059878378,0.2455906466576207
1416.1137230197246,12.525915841411747,25.263082778134137,0.2024283922200369
1694.651196384465,15.158394903249011,26.299506806759506,0.2382418733747145
1448.8779177698118,12.969673993243449,24.78822623621804,0.22996247546161533
1375.4479533984088,14.423373169041685,22.332219839279404,0.2645689085125135
1744.1997950666214,13.389972810423046,25.92196800480041,0.21925464047986584
1802.611605371069,12.566934192691688,21.76065439253026,0.2790676164275927
1648.3919454732961,12.9848433148514,23.813507881738058,0.24254531276235858
1320.0143390606258,14.457398598899545,22.261523806618975,0.28940390733756594
1626.2951924008855,14.177422690893476,22.083370756919273,0.20323211542620806
1562.6455939609018,14.236558195116217,22.319909239207814,0.23084638876294608
1533.4323143198953,14.414005207802973,23.04686034452339,0.22756244598742068
1543.0893917364763,14.428957533886011,24.58716865212888,0.21102815684134013
1929.8933585678951,13.430525532064339,25.74771109112196,0.26254275249670167
1565.4081943969584,13.499796024291168,24.30624308875675,0.29390811076178014
1945.0163193347764,14.773744075266862,24.00363026888088,0.26587286869097376
1499.67724652154,12.684478807448476,23.25290468341151,0.20715085835827823
1946.0995527348603,12.573243426775784,22.255226230517323,0.23451416425619045
1666.004181558549,14.307118545602277,25.70895666090638,0.2811817123049417
1971.4816867575237,15.268082298432962,25.48044352979522,0.24834664174004975
1488.7589114258049,13.79200889398123,25.567779165399617,0.24476278173995114
1436.1440585770415,13.396355800127633,24.231913328138692,0.21278352907590556
1859.441660132458,14.326644821979654,23.255700915444177,0.24532718128394856
1328.213845296478,13.03898204841435,22.11705931418121,0.2679261727476916
1837.5989434125356,13.133298628070547,24.839437423372278,0.20436694091776156
1822.077992950116,15.0091154991983,23.401823700742767,0.21818853877551514
1884.5669233933397,14.569587409115824,25.412640055339487,0.2691072577149037
1323.574313211523,14.484005671291504,23.99771381292486,0.2594687896786608
1795.9169327496431,12.692551899731766,25.791906869061688,0.2720503728204939
1883.7881745559987,15.040379239102178,25.356265475810712,0.2965633315424466
1508.5951837894602,15.029600691095043,23.63651922865116,0.26101369181101497
1854.9494296112684,14.001629950135506,21.99343953525481,0.28671957716297675
1611.300068954896,14.377294114685457,22.395543462368902,0.2834663583022303
1334.218405200311,14.610932943680416,25.645589901793727,0.2391346507760902
1824.995210392327,12.516141432826972,25.635416360681486,0.2118429066393783
1625.8819379001989,12.9996419509059,25.944214159720357,0.20075127339375093
1515.465174924729,13.818953152249337,22.383105190994915,0.21384761708114255
1406.0424615560494,13.229182135594703,26.024551079757266,0.26219020680892596
1427.7213174571573,14.107321810009196,24.55728267809327,0.22329323542819995
1858.3502240743976,13.629910893137264,24.116680841233844,0.24004585294107178
1907.9885167757766,13.005822303329362,24.747236167854766,0.23623949415785034
1533.3589884449527,14.644730341312338,23.941331349825244,0.2095287196378492
1570.3053168293218,14.951693468877139,24.994373703601756,0.20593634409796777
1582.6334613066174,13.201538800449985,22.685582586757132,0.20626079288492216
1424.2261854057654,13.455734495943643,25.031631436372596,0.21130728739089658
1926.7743139536176,13.949055487437349,25.2487984939261,0.23306395647778688
1825.594559893803,15.003875252693096,22.08948381033815,0.23706160586415534
1764.769085662853,15.074850990275223,23.94639079424263,0.2653514357500343
1589.1163640533528,14.200771054911987,24.330303258018233,0.2934581815733053
1730.3170777350235,12.966407743820428,24.02392763473641,0.29428743561651516
1785.8015996224237,13.240066961145118,25.48871817002961,0.26744698988952564
1588.499825691311,12.762741400372311,21.779623907507247,0.2984756101159663
1733.024758135811,13.100834585357676,22.8863387916315,0.22794292561298232
1792.426590140785,13.406019084520057,25.22895880420843,0.2902733456447934
1676.552908600413,12.592655984827235,25.591344192183403,0.25510983633659357
1418.754313499467,13.279019856577287,22.809987515623142,0.26937336307506277
1726.5101490508848,15.006323266724282,23.68076061604686,0.22199795068881353
1437.3949541861755,13.685579510879561,24.1753345399518,0.23533001796407996
1802.608421415188,13.063392671788506,23.61004851849788,0.26664291288477965
1330.2968235826002,15.147415290119067,24.519069659095035,0.21537991333155196
1366.9818564986238,13.312317329227144,24.055868941956426,0.29702394775643776
1926.5710351205869,12.563534840553546,25.509743593908333,0.2632987159733623
1958.4684041276437,12.863901481770377,23.024175062225826,0.21731638699663508
1702.9744012932695,12.633094923381654,26.359968356766053,0.20801768170522164
1471.0250852445354,13.207955712941178,25.007840623219305,0.24336371382569844
1546.3589996198375,13.080715234217989,22.100302361971373,0.22136854058985392
1444.303726074468,14.186093864517808,24.712287546454228,0.2796545700696016
1388.222445962423,13.256349799223056,22.74557438625641,0.24984940998107713
1461.5297738394656,13.116391545091304,22.135131912648042,0.20277735822687792
1788.053576061963,14.403247529906627,25.535014926228015,0.236822193507347
1880.4988188490836,14.052354439085374,24.59918628219699,0.23313449200933933
1452.6390861549523,14.99881624519138,25.34466664945487,0.2550384071762236
1536.3544865671336,14.473342375862373,25.391759898117737,0.21656947456635714
1678.8006705094626,13.642639998770171,25.123832115062292,0.2573980283539149
1505.0054889381047,12.629690065987417,24.759190669884173,0.23395136710279724
1648.1945025941743,13.296042152916192,24.306007944417154,0.23021851161959145
1587.0744947811806,12.596407083301164,24.06747828819768,0.27489776235230556
1950.0631299124739,14.518647169699282,24.61671622018042,0.2511094151996406
1334.1012335173182,13.285067751332472,22.5373671546099,0.23187758342143286
1760.242584607409,12.73162849106214,22.73893998740196,0.2406709906224214
1924.769013284304,13.936466137621128,24.88297603296022,0.28433207871004595
1842.4627030366178,13.116887668207278,22.62449971033286,0.21036212544089572
1923.5120656465037,14.513747871016573,26.382593771990297,0.22320835515578638
1711.1634387108709,13.944938176945392,22.55027623424034,0.24311073444531034
1475.97645943793,13.054422187956657,25.90699711745251,0.25479621838891653
1344.8715242656965,15.138983020432446,21.904231837057537,0.23145196181914
1905.9523992467973,13.205545687054165,22.60436386689806,0.29688849113999566
1507.6721723617786,12.73381074579969,22.987076111973945,0.26511592138207396
1710.4680934434916,14.00395495305293,21.98224947779083,0.2228429047026775
1717.2031434320734,12.804659406810147,24.835790145895654,0.2398541977731155
1818.1313823945457,12.802705063570102,26.139713084174858,0.21861279090064267
1525.9349844892392,12.816491161364638,25.338340728424804,0.29645428894475245
1773.2821918789568,14.775976680976903,24.78049883426754,0.2350519678836588
1866.3023570282248,14.176352890657776,23.53377084889198,0.2751241637051667
1676.9161316006891,14.663049182819318,25.34567424884679,0.21454204948813857
1672.4155378744533,13.986191456158666,23.344834064724854,0.2797853103762474
1951.411015858499,14.545979131558997,23.70499748442587,0.2620886936950988
1475.7715641123698,13.863696258695876,24.678024255500965,0.21826731074223477
1659.4602944318754,14.96604205506792,23.226444832950776,0.24226926196991616
1670.0065002413464,14.71270769556955,25.876130809690135,0.2526944909796728
1533.975674365257,14.898326729882944,25.424462386191085,0.24831809986266398
1844.255074768583,14.158987014638265,23.308534835829207,0.22425828525990915
1499.3599926314723,14.532966777461837,23.896935933128777,0.2900455434488321
1505.7364987583355,14.103875824924517,24.939207526089632,0.2273301705543149
1452.4431037246864,14.000334368371398,23.79467778668817,0.24479554572865322
1367.1318895933073,14.307031223682287,23.054586361949852,0.24533739908561641
1832.266752602244,14.85299680120197,24.346217336435906,0.21100433228954762
1685.720813257597,14.390912777483454,24.91539489221461,0.21074125784709524
1592.0248114676203,15.245764915607529,22.782118061264846,0.28066419914227697
1483.1029227844112,12.721482351257976,26.067232727105512,0.2700804525146197
1867.103206763124,13.648423975433532,22.276316815006624,0.29891189797359147
1744.9750586351856,13.528155323878835,22.28739099327769,0.24245835983457165
1958.875431372446,13.519062153466306,24.91410260570821,0.22145650882861936
1685.1687471757598,12.732969251595764,24.74273699519515,0.25982268448670287
1497.3005047266067,12.520322522771538,23.274450544775,0.2859362252698235
1746.1171604164947,14.596105049305306,22.61623640894029,0.21477408865204325
1781.010520327953,14.601320052442807,23.70421683090709,0.22942741625845917
1757.6817481007174,14.135662288119088,26.369184408919306,0.279223732649968
1784.8547824576285,14.560024431506168,22.083661955835467,0.2417076180262969
1905.8233878117724,13.26512473158404,21.97177509353259,0.20315336048603388
1678.2385564630745,13.468581553820872,21.943317846592926,0.26787587458965595
1722.3738002572045,13.003076895382527,26.115513076046582,0.2957604949014659
1447.7560074350868,14.742375716457628,24.547361409066152,0.27282113885175663
1703.827763486189,15.133932469853162,21.94955351991334,0.27485515574315894
1885.0894514467275,12.735862334379766,23.540078010027294,0.2086680545987306
1348.1906861557075,14.018998304146182,21.648464168655018,0.23597277501900257
1434.0042340588616,14.06448105251197,26.256629943361833,0.25821498005266885
1701.8269171941458,13.53383701287962,23.553262998564353,0.22184032991056765
1808.9715498345695,14.18553979675613,22.999228354391537,0.25217234821764634
1664.866179326295,15.094322547940099,21.81482908862518,0.28087978438195266
1923.6078991764653,14.912114335098268,22.090079988727148,0.23755684549812478
1786.8433362133958,12.784649717489813,25.615432719583634,0.23157217722704596
1630.3152072235716,13.404269069438476,23.407992903703846,0.2156529648948475
1452.77631293224,14.324253195749534,23.166965675041865,0.2014246953810875
1768.07099989126,12.506867217366338,21.935886349247546,0.2959133055575151
1760.409814681262,14.465752743001621,23.33118919319887,0.2716704188161614
1947.0655018694831,14.438741733485546,24.062741529645503,0.2654705310715994
1584.5279836028571,14.461608519528566,23.06436609259909,0.2855339141439142
1693.0492988774351,12.676289825854688,25.36169799228943,0.2491317475037898
1428.7884043851134,13.091588276113747,22.604099631125166,0.2181406960046945
1490.8227726795049,12.603993954216161,24.83234491053037,0.26744790210113806
1675.4163594858665,14.736769884294613,23.595015584117082,0.20743498488116785
1433.9929112147854,13.66709829927118,26.167437096455917,0.24924909360709474
1703.4950129023077,13.710576007513653,23.60732900878069,0.25371615822988614
1792.5097953401028,13.532799641292698,23.528351210732684,0.22898471075794669
1801.9416931818214,14.609327361794403,23.547302871070148,0.21395923441655104
1570.049450997971,13.185178711357592,22.44464024540283,0.27716884694852756
1600.9558721159433,13.797851733581222,24.996153929034634,0.23421920144165953
1372.842710133919,15.235525351703929,23.726460751330215,0.26539551463091193
1349.7445495810007,12.540279491021014,23.724505714638532,0.20090667614355093
1598.8044431111655,12.817059882633297,22.25863827972554,0.28025069822884213
1550.7637194221886,14.600601587400865,23.87246147623099,0.2161874366293843
1416.3905300855397,15.06391984747652,23.805143272334803,0.22514384469923313
1487.5397596099267,13.09601137103314,26.35860932197963,0.27065025248505015
1520.0278922799732,13.562351966576767,22.377648224177644,0.2734029592319724
1566.347531642658,14.220480051299312,24.354998321319872,0.25738695492496333
1876.9520763687594,13.293368508341288,24.680519793759593,0.2036257132832472
1679.1978446979056,14.14026270602025,25.093575631100247,0.27457101758933394
1706.9559376000684,14.786250571414786,24.257809330502127,0.26656525212632143
1811.5216517203166,13.812783735873335,24.777333658392692,0.2110731453153194
1473.525350991313,13.132133476875556,21.797412481559554,0.2411057232969662
1708.1401273949273,13.885269589585103,26.228177913603957,0.20949915445565453
1627.7220843535652,14.54947564037962,25.165630936148617,0.2928847563311931
1563.7795096971804,14.859232005249089,21.685490053062328,0.27124714108192277
1971.2662102963234,12.646150004238937,24.671813844853006,0.2295694183257297
1400.1816011255041,13.847717171318862,22.330369691806624,0.2745820535909997
1321.6108670401284,14.7590926559164,25.204007870110292,0.2448019923171487
1904.1937686449235,14.273420961898612,24.032079535641977,0.23576866577691769
1374.7390822072139,12.786331739116454,26.014999906063817,0.23987902593387472
1934.8847436513129,14.325401846886535,24.092276003155224,0.2655682428625022
1652.3161133489762,12.709182665777387,24.166112197875957,0.21372908211964847
1625.0351371359952,14.008073329852627,25.956766286584713,0.2880208202689127
1777.29955609951,13.614564839716044,26.126006576865556,0.2588855070686616
1433.92000251338,14.771405023975275,24.06857761234322,0.2640365610777864
1611.3347824032317,12.538537304727049,22.489704085072603,0.21026219055705692
1489.7636367199032,14.183142360974932,22.58408988537828,0.24738809960198355
1415.9288104205887,12.807107921173564,25.96426549789272,0.23173635398468995
1474.4796034932956,12.927236086555759,22.734036812160436,0.28641544468633084
1368.368101471271,13.259906949681426,25.134732026697122,0.25906394506063196
1736.0122902602216,14.73958992037828,22.234981085711826,0.20767383731700928
1845.7229401375612,14.806423999138248,25.706783072841965,0.23513499880043323
1775.7382602073703,14.207861986869647,24.424585197746513,0.2837284848264835
1869.075689125208,12.503847251839309,23.874319392468,0.2841239709073715
1679.178069026929,13.104319262577306,22.173436323229655,0.2870912600496308
1914.6269903141765,14.668198858565878,23.816031824476983,0.21103435355972766
1339.6475980019122,12.63357914976653,22.78687227788815,0.21443366837161726
1610.8826934926867,13.346896206817213,22.90073366860948,0.2967074548620667
1541.7960660197384,13.432687927071735,23.911667572658562,0.25633237993313823
1588.197374102028,15.262106335524196,23.858651118192913,0.23792970502791594
1518.5322499660592,13.081161285067934,25.838237663365536,0.2304501067536507
1374.349512391214,13.611802279941598,24.043371142122258,0.25596223889761
1915.1074523754455,15.18953855708937,22.132234939906425,0.25649666163280405
1904.5400270413995,14.024571745919529,23.719808848525147,0.25539817130186065
1629.0571281511864,14.565760265507839,25.71771170511795,0.2571959744136447
1796.8295810283346,12.866766314296703,23.763786419530625,0.21729185450511754
1429.1025110107414,14.859101855758011,25.141584293386384,0.21044342739712743
1538.9387383786375,13.391650406761247,24.696082410362024,0.2102771926430009
1463.905173744591,13.8432587759906,24.90713227127218,0.27986784333732084
1429.6418781197199,12.895796152283145,26.147861153003785,0.24640957433824967
1547.0732339242704,13.86237134781741,26.13727622697411,0.24172971637289917
1814.160894050508,12.875360046932594,26.398099946698913,0.28793822914321493
1478.4486540996731,12.68225556343467,22.456974070245483,0.2567966663260833
1951.2491658271088,14.902184267149398,22.71829760427532,0.2818323613810018
1720.2710690164488,13.401292309708422,21.716531711907475,0.27881410293842257
1732.7911566390342,13.653114602192401,24.919886162413743,0.25936468329531004
1899.5032587771789,13.001457866848446,22.74382849515776,0.20680221654649933
1905.1230376108858,14.364769347599328,23.33716989332889,0.2465851643031168
1953.933382494147,13.580048050644596,26.240759966846824,0.2535143384374963
1464.041902924024,12.698170315433112,25.80901833925753,0.23325861491872776
1902.3041366921639,13.859678965608296,24.385544205186903,0.20863367047633724
1593.1287951805095,12.515143061631006,24.556420250345646,0.29485588005822766
1520.9129929180192,12.558513628851909,23.29710181709644,0.28853645814693757
1392.9940283914025,14.040135424960242,23.361698187583272,0.27615346783718286
1387.8412539809692,12.775029535182913,23.11055317091412,0.2438037812443209
1646.6735076603281,15.19828950702534,24.449274506871813,0.25141142936939403
1541.417408295734,13.33502276334853,26.35052014852903,0.22753203655369023
1376.0443676059756,14.598497400350048,22.0157942636653,0.22560536672572712
1470.3274383629746,13.223491084951588,22.58092543169705,0.27708476765966095
1417.8539804758136,13.64968361156347,23.893381658838663,0.26777536885430614
1444.8299927561427,14.123142173120476,23.3523272596521,0.2233723726268305
1349.142719591342,15.184765405819745,22.87541946806818,0.2388238819170965
1340.7678492768648,14.525942503559145,23.633167336719723,0.2811460630732184
1644.0837186466672,12.669461482363182,25.908210120474074,0.25816948494667635
1458.7485762224053,14.25080119385801,22.408475076231746,0.28282167217597404
1800.821477430925,13.624428779580755,25.036789466619236,0.2651577270275715
1485.0288672550432,13.369600486162103,24.736044599218925,0.27849377096139943
1794.5269784915704,13.814697129199601,26.019214461630455,0.27787613666182115
1323.152833477139,14.187596033197162,26.009463001487955,0.2410277498587835
1577.165608869718,12.675937282581557,21.89483901030947,0.223464860754181
1925.9013563515327,13.839525371853153,24.106079239012708,0.2853063971330897
1392.910336472113,14.383990446501532,24.823976776294316,0.25477054847849834
1690.0853907867788,13.565467450752879,24.22017629194093,0.28323508681915743
1624.823474303221,14.26906983375129,25.48622094292848,0.28010388462684993
1431.5088449061043,12.511347719121472,22.107049198346285,0.2281255160686323
1326.8308626984415,14.068194892524396,21.81125023604829,0.2666117849599715
1917.4466630589668,15.19643464996743,23.663091118859654,0.2828585874873143
1737.116262969723,14.876208463802575,22.495183562095253,0.26785213619213855
1346.8738751175395,15.042878871297809,21.673883278299993,0.2859649820066395
1510.9121062612166,13.871827171618978,24.58076324888388,0.23981453988605836
1756.9669280004105,13.680380581105062,26.075459796694823,0.28610892438104235
1693.577434824873,12.845582931302646,24.827297947249303,0.2770643910130352
1707.8214321555918,14.206239823529243,21.64230045230349,0.20770868401040007
1662.9040753437441,13.190686683278937,21.95715053930935,0.2317579074305584
1509.7652904347674,13.574938962115795,25.52095319192103,0.20528083334062153
1369.4757242204273,12.944195652876088,22.23653533521208,0.28198370216998214
1439.0803675890286,13.465007392673291,23.90641944565953,0.28049387303150763
1711.3887933229307,13.666912931099253,23.64327594726651,0.21108402670179133
1612.9696619676774,14.58443302431752,24.685536776428386,0.22384216898834802
1408.6911740718988,15.229781075788125,25.1229273473619,0.22815696612838182
1707.842922838901,14.522337852444563,24.33978980147674,0.20514040765910965
1822.5305493370759,12.674755083308272,21.620929493949056,0.2306375956362048
1371.727168569574,12.985848325938724,22.229354111116635,0.20642904944099671
1518.4606102212742,12.753281789754388,23.88722115451854,0.28054167879748787
1731.7431282393813,13.911823276789347,26.326183641863924,0.24838892868811902
1948.0462284486114,13.760132833587782,23.398587057999872,0.21708353770166808
1526.6858049545167,12.928401553205893,25.372479884671407,0.24639520390768782
1435.439183664733,14.236732536497161,26.146779056128544,0.2630658536894363
1551.2489226716418,13.941337333111656,24.857045513106463,0.2040394788382264
1588.7176222454336,13.239619604966103,22.988578337899007,0.2645976259397213
1583.3369335754787,14.10104046532543,22.83030628471514,0.2048300694220877
1929.8831902553165,13.961813098874012,25.30349797836455,0.23989620296763875
1962.7447052091318,15.004680519234382,25.078909949671928,0.2686693119513989
1374.5708962206002,14.98602189652797,24.00753119093614,0.2814179291841628
1323.223256777959,15.013940212837273,22.53814842238097,0.24043352046272184
1451.9358069050668,12.702570290726415,25.73458587583126,0.20950322441285285
1812.4981884814408,13.266367883086742,24.504063636060824,0.2846855417758919
1719.5134212394548,14.737074039058811,24.643414041083705,0.29891833177016247
1804.0413292792723,13.717480808896486,25.52636150298803,0.2670062166787952
1762.3409024588946,14.67279503196875,24.247904166606833,0.2268961856852629
1895.6305326055299,13.972248329025572,24.080998749474826,0.2026300708426073
1893.0945624675974,14.860335570509493,23.460663442265762,0.29789976724709305
1875.6568492179272,14.303179970255796,21.852620223866683,0.2316587182293052
1554.5338329908705,13.527066092802889,23.813179349375297,0.27786245487684286
1823.1680812042337,15.18696205615575,25.777725583609783,0.2213274038692169
1889.8371180280787,14.155712211089817,23.65566473813487,0.2872500612979391
1408.5037197680283,14.039330550475556,24.377862425939497,0.2940614525914677
1323.9379138969546,13.568733787651343,25.127574342334984,0.279708623367385
1768.5712649553107,14.07672884571101,24.708592881480033,0.231466946603321
1833.4540596348522,13.462891561623055,23.35271333344312,0.22848265742893922
1516.6573176377456,14.202359917407612,24.4919624329994,0.2547799282194227
1662.5820836188052,14.253577381125915,23.480454385038723,0.25768795811185025
1870.383980928246,13.130421676078589,25.374938930557462,0.27730135086692426
1703.5699493426607,14.048095446015639,22.757140780064226,0.26582534796125196
1936.5648675433622,15.160749408530712,26.110780513997543,0.24249194937327206
1612.3888530483182,12.763448293819131,24.672125746692984,0.2734677544331525
1472.990614411104,13.50074930856328,25.908078056689614,0.2393703987953962
1571.09011470132,13.689466032734197,24.600002828896475,0.29681147755267884
1884.4834415290454,13.35448685294504,22.30272700198655,0.27071607686747867
1391.10429604702,14.059110693257471,25.658008466795597,0.29494976100732073
1714.3766737861035,13.325170416436498,23.98456785273501,0.26878554483496686
1555.9601585609187,14.881679204012334,22.450927708883352,0.2716332438955367
1774.201426713097,14.92140148437663,25.867289485554526,0.23176624627847872
1500.99473912392,12.721018497484431,23.03252448422041,0.24609737997462708
1525.914789955522,12.57651891657587,23.264772387367078,0.2898739007620723
1588.4521672877645,14.47496846042864,23.414306163955953,0.21989432151981253
1852.4075315950956,13.837202570539455,21.616820042291412,0.24468661988763704
1479.5958230164672,14.856251154874272,23.55583653171865,0.2610328783774672
1554.1435071972737,13.461591254186361,25.753320358472504,0.2785669318556524
1918.208456575065,13.318697476142635,26.05136212913318,0.2386544117900876
1558.4502081051023,15.057124096638695,24.724470219656723,0.2118345745574221
1568.7993150162488,13.480827611519047,22.943998785505848,0.2724202665048605
1331.4917232382493,13.466163195895918,23.56390942832273,0.2383734805466129
1574.6354274949135,14.380428259869355,23.160945387209182,0.2639517797070659
1833.4509833413445,13.325550115861585,24.16666693270304,0.20158973314681244
1507.2445642595771,13.630840753322762,24.58901075349221,0.2805144031999187
1414.0636578269996,13.212156680859565,23.52171220194016,0.2906516778156835
1569.0415282324316,14.291208030076106,23.60132205972155,0.2927443092996715
1509.296986177966,12.99539167342603,25.127819172533044,0.24620501835413935
1586.2947849688032,13.97307283759965,23.100826457394806,0.25972590593237427
1744.5397434317,12.680312741882659,26.390729813113705,0.24155107430686684
1390.372314006873,13.053272560579982,26.166172491634995,0.26679746500062207
1785.8782782513142,15.049559913678861,25.435749865894973,0.2723938785807058
1746.2194179724054,15.052722775490517,23.04116562958672,0.2915264543752003
1717.3552042472415,14.45138918260701,26.247720124254638,0.21001417160671543
1525.0545754574898,14.496822576694207,22.263015139796035,0.2189537317289552
1651.5886229040113,13.01933838862934,23.705984605546483,0.20091294617275654
1337.7392607483291,13.276238128590256,25.491858112923566,0.26298651032834897
1340.0735421564234,12.823188350995395,21.66801195732151,0.21423933933419365
1550.2523028423147,13.595205574168451,22.502967009147902,0.2888191358329142
1619.5372887934625,13.787213553025394,21.973365754109448,0.2818108867920509
1929.190796970618,12.977104540412565,23.359268469893056,0.23580203435389727
1351.7229192889893,13.126589640761082,22.44118836396536,0.20748606341672512
1682.3864196415477,14.353416925235592,25.4527358629956,0.25859195055088796
1348.1137016807288,14.717719306260179,23.589775387351647,0.2699562853552675
1389.0537283144818,13.730839035306401,25.56045990201148,0.26308286552820626
1666.0881201879922,13.794146144013183,24.42657287337419,0.2793934964180423
1927.0269057326702,13.099844020820061,21.687009404228586,0.22082231183273804
1731.7715752446327,13.856968086597481,24.46683086523592,0.22681929717864233
1837.7049485268562,14.650579600944011,23.037895345320045,0.21943297611253343
1790.8110651663703,15.199303344965497,23.12713212052704,0.28827185214315854
1665.932268483661,14.855328776608774,21.76729768615184,0.2000611967197884
1372.768777369311,12.91773884166833,23.611266088985335,0.2912227451424532
1359.1537874574483,15.278654784997348,25.262643187242166,0.29372078963855436
1645.4635651903884,12.639348492185473,23.249402206377262,0.2868957828883984
1380.5752274832898,14.15993506902022,26.307322681150232,0.24313804384645446
1331.4424262867344,14.925853520347106,24.517945475957116,0.20525371851491597
1415.3882650964006,13.589413939499998,25.576944956200055,0.21075239863120968
1959.373544224349,14.23196634472657,22.079339838608362,0.2628392563475937
1900.0426604777053,14.339364385575164,25.252583080462024,0.27341445685375126
1578.0011565806144,13.441035250789337,24.602761968661593,0.20983218958433605
1409.501846649997,15.086296851405526,25.52875656565096,0.20775439759237724
1448.5186675962639,12.752101000622481,22.474081576591,0.22529130879835982
1452.1313153381986,15.017299125561578,21.864657538875885,0.22734959079897463
1735.580839988908,13.36954908763754,22.59421167812186,0.2318763270476424
1716.015910410933,14.343038430845718,24.746459691087654,0.2765560934121783
1516.5469883367803,13.985123781216716,24.887906933481343,0.29309438608988564
1365.595614937317,13.80926661517314,24.347909583117975,0.24882641755167467
1457.4488558692592,14.927202354692366,26.358649348300784,0.2041276649199761
1520.1642338910656,14.41276943908913,22.39533236901174,0.22001246717863307
1512.3592256237876,12.886740920887885,22.903764520997633,0.21148985965475117
1888.0545980260347,14.145269118002423,24.483084928181917,0.2533690609592303
1662.596039659906,14.853331682374117,25.088892101472176,0.21915193104508635
1912.7691574656997,13.753639490959907,26.31172599980799,0.28806775169187016
1415.6978823907173,14.570492425824016,22.60401717507419,0.21087893515564965
1613.8237888927156,14.188145897603764,24.21744542764406,0.2741852179734093
1413.7152087304894,13.409835493376317,24.986367398271188,0.2156976843128043
1908.7258022501037,13.126954935889504,24.994284262622376,0.2965274355238954
1528.5675131829423,13.497069726930194,24.15553952773221,0.27449326096589194
1644.226569960418,13.557213701008076,22.263199745816536,0.26149605054114344
1718.3946453141123,14.82567033268078,25.5737843330866,0.22284864619300002
1760.6850510448328,12.756710961444037,25.780674106035452,0.23268618237739083
1334.8118055344944,13.23150815015558,25.117002481752436,0.2426005406381351
1423.414634473417,15.195275272607814,26.281969034682103,0.2202901429062839
1959.983518299296,13.342279571323889,24.951740781028448,0.29846445521058423
1858.4052385022408,12.954811658773634,26.207209856112787,0.2745338557092428
1401.3163581917493,12.658097264499187,26.13624362729384,0.2795050444965422
1579.1869132929107,12.802107518766805,24.227467083301367,0.25256239846092915
1705.110820495693,13.231184719363355,24.271448678644365,0.2631854178594823
1508.0256592269209,14.056668522652346,24.10715651653849,0.28615013515118753
1423.017756777019,14.836380073362692,21.947186496459185,0.22256469748837032
1499.417633343911,14.448225909248857,23.494336766163354,0.20740056281375274
1612.8982231015175,14.527473694588393,21.720106002264718,0.26562568127486696
1834.310639877564,15.053470444548779,24.828976803576,0.24182882547989568
1381.0944935934124,12.639912152064259,23.521345638068833,0.2527724306188211
1495.037403514828,13.742828958577647,23.33776134578666,0.2933270048220181
1678.181325670373,14.19927445970337,22.681128674007756,0.27598043438228315
1360.1277827760568,13.066493995133085,26.080973701861513,0.28417600778152985
1799.6196558921793,14.92443547414506,22.682085375980282,0.2825233921957159
1620.6959071836209,14.587366281552866,25.81157700589102,0.20989880451597395
1672.3717672953246,14.767415618165217,24.270126498401446,0.28131836801134386
1733.3624863382847,14.543746499902783,23.85998196950723,0.2769967019326579
1762.0778869432088,13.909944974971147,24.297048017775346,0.20324385416891902
1835.4146251421685,13.247409020661083,22.538059827641593,0.26651812203272873
1408.453547462548,14.485170506667208,23.925729594586077,0.25694189223367564
1738.6775347634352,14.078560622224307,24.595836714394295,0.21750263130254383
1880.928815608552,13.739987442815204,25.54814054059717,0.24958479524049693
1892.7850766050356,15.02129359565192,25.677368445425238,0.28723725827202656
1730.140471385022,13.030369591398044,23.949729650052642,0.2786223928694881
1775.1584630848497,13.256551684029398,26.344752011509033,0.28766145070522675
1727.6996296708808,13.340108777975644,24.082632813197414,0.23741375876449988
1881.6612481961415,13.884535949362661,26.134220981393458,0.21078661633168752
1972.3013721747373,15.113658251034,25.92631594761427,0.23835689933005028
1692.399546431313,12.875249895545684,25.095432527505235,0.2503636440505482
1680.9244451813486,13.489343836572862,25.017135487720775,0.28795788873707634
1395.5556987994057,13.100577988448684,24.528878411788,0.22779982143963368
1693.1756640989558,13.268975947522257,22.995275788977548,0.24728833684761253
1635.0377824667573,14.08316111369622,22.93917753743626,0.26658424441049555
1830.941411674106,14.083856939227864,22.9532873176435,0.27408769819323686
1607.789100512204,14.048875049224536,23.80636587271077,0.2126301176990143
1500.3288245897154,13.177123870684603,24.278699600940364,0.23897181200659853
1810.638186060814,13.24299982743102,23.105284902306597,0.2882814293981458
1615.549121909109,13.738191433417999,23.33096659247402,0.23644077183897338
1952.6591070224235,13.09959259476075,26.191593694888784,0.21632773419278084
1665.8820657516267,13.160321177903297,22.193255828690724,0.21666463035490127
1723.3075774755403,12.816075656646765,23.652632009891036,0.22281057011955843
1635.4824957580877,12.780018853368512,22.301810877911077,0.2100325145201751
1954.7396566550412,12.839903520235106,23.799313719096325,0.25788300315795326
1503.693399226073,15.10306842493652,21.674907140787234,0.2594169577206768
1939.9994228549863,14.860002301067999,24.254189093418052,0.26698203959877975
1856.7419757623375,12.881167694411127,23.836648121518365,0.24735784185238774
1570.710651890515,12.972582112977435,24.96396051487241,0.28614385006533394
1725.2711115939346,14.352341709216109,24.315225505536077,0.2287098694263482
1770.5223974320977,13.89202901522898,23.765594388226713,0.2958934679443856
1371.9318444352618,14.093413790228881,25.59643287665546,0.21762259253034402
1540.7610657296984,13.14270802866259,25.66566628760386,0.2699593425215354
1589.6269235826976,14.962455305106797,23.51442470462139,0.2745998530696706
1434.6343340729952,13.753251225479163,23.64530093147104,0.2646621847312249
1976.367420816907,14.233178168108491,23.59650642090682,0.20303691366745166
1638.5983826003337,13.67716896511842,26.16954547999544,0.24160331113881764
1595.1384170903302,14.229449013085908,26.003523954337354,0.21378238324585475
1343.0179824936392,14.427203218623298,24.249442087577027,0.2590170759079082
1769.272976526127,14.921037447949685,22.26041700074124,0.26158243738634507
1809.3853143232361,14.656119417066696,22.438067047411685,0.2459238216029885
1498.5692966741883,14.166594020843775,24.9912511064552,0.26111222508709175
1723.468583792787,14.912789510134827,25.083118533817753,0.2615408000317505
1437.4656536703535,12.820955563741087,22.804398626019058,0.2277639731720769
1597.7290483322085,13.702820048950198,23.29698005286923,0.2256452325154978
1739.765046132607,12.812155162173854,21.837705382740236,0.2428158813111188
1525.4288475429448,14.321653176839982,22.765691661728276,0.2842307635623808
1521.1184927246848,14.14215771148804,25.239205384399007,0.29873160487011585
1581.306921265381,13.60518785666983,23.4807131963893,0.22663640191893686
1339.0642095484702,14.555886009884482,25.015706912934284,0.20962189274844245
1823.2937158112088,14.208288923817733,26.180686173579094,0.20656043025115184
1949.1356007366255,14.090355925807398,25.316178761009702,0.27107179526590147
1424.8941422256353,13.68402605210596,24.373940972975642,0.26844363036648794
1715.1582738391228,13.938896503538833,23.38391168571448,0.26359650855716443
1461.203770426023,14.319965385492944,22.91846758192628,0.2050964506089585
1509.4174300921572,14.242840834508034,25.777274208933186,0.24150683329506492
1932.1698490774697,13.761885792671254,25.51975985473383,0.27785644941388327
1910.9341863207715,13.824059810563076,23.42753480772854,0.21886208834528947
1652.4803334896164,13.688738529440592,24.655781880940605,0.2119189786159319
1751.5357580426132,12.819756603008273,25.945515039800807,0.28125505612823937
1415.4652705585947,13.667091762452806,22.082219523310695,0.2720062194899799
1572.4818217294342,14.961716881052643,23.005717313858273,0.20332028820214482
1878.292819567781,14.456929502495194,22.18824875336479,0.2648711354362843
1590.67789376972,14.659263581160806,22.42187993703657,0.22186727509710863
1848.2100447902455,13.922633563888402,22.987619390394002,0.25075709379412403
1413.2615694494316,14.059609910085735,26.300008930327103,0.24068576818727624
1555.8539952894926,14.32448039455955,24.31109356482814,0.27696964691329884
1829.9984351645523,13.696673785027617,24.32585644012635,0.2947002431016636
1545.235661945402,13.358333743111471,25.1066544328503,0.22321471937421802
1398.961824104735,12.948725826407557,24.576246339285717,0.25975959765547724
1400.2134224098759,15.045869898401708,25.49041202001417,0.2588264540231185
1794.6809183601802,14.346228851616056,22.19108903278079,0.2979472762322749
1960.3191717117406,14.455672486291157,25.16257112140276,0.29532317590244805
1865.619806702345,12.571277808125,23.666192378335577,0.2733330566417476
1379.455446451061,15.180407280516016,24.072209207804285,0.21446864507345556
1892.5962672110063,13.973567244642101,24.84900174906699,0.22758313538366984
1656.3845657118336,14.63607824241025,25.97166765650607,0.20179577880153518
1688.317284703516,14.039575081627582,25.143678874743987,0.23532335193518888
1357.6283716771236,13.42785996713921,23.883038820049425,0.21427422170787522
1887.1565962528432,14.56006040949866,25.158248915937488,0.21240075570149386
1498.626497269743,13.968646373636366,24.283344509582168,0.28916060467056415
1470.2214329266237,15.156092313824667,23.702221992714286,0.24430689118088816
1508.0603429501055,15.240694958525584,25.715501499306047,0.23410691751367388
1642.0379567691773,13.095931699228714,25.32655362266455,0.26847470483127733
1337.411150551268,12.519964545920448,24.63390380000929,0.2019469863891998
1328.5290932694447,13.42967679057394,25.68986261914821,0.25849178182922994
1636.3120080265842,13.052390726662141,22.41546057136711,0.2996020205477849
1372.3843957499232,13.66485627901042,24.422855748713676,0.25332752244145285
1949.051107829833,13.590234662001066,22.57648375105643,0.20051336895495334
1901.076003088413,15.278474444918912,21.828221632151102,0.28352526543786205
1672.401291808366,13.110970226158848,25.816592862519588,0.27751094735366527
1419.883988247212,13.734238236829459,21.904212256423012,0.2718753559263447
1369.3022737706485,13.35475334956276,25.46763770684742,0.20746946156140797
1499.104387566947,13.718346346315471,23.339859818605337,0.2650588987904592
1693.3936804314487,14.020461897973773,25.599529937761684,0.22573798602042366
1387.7024800531242,13.94869952577313,23.77291790991704,0.22313382588250472
1774.4492565626713,13.452658733504954,22.016677971685706,0.2070683153544135
1478.754158999203,13.545278573717788,26.074225961373656,0.20174097352135745
1829.069179968128,14.021350508366782,22.21554879495799,0.2625340377381362
1420.0788240348072,13.993463676201994,24.13381087920405,0.26133673106741995
1436.090730559843,13.356308751197,22.72190505895766,0.20860030219625725
1702.883021905469,15.269140689392279,22.31948846540408,0.2771892793264599
1380.1950655296507,13.944511028317505,26.273222687234647,0.21440535910938874
1661.8277510522273,13.331368343077376,23.990778894564546,0.27815525641703304
1956.9528992546052,13.999607439958794,21.63498331222946,0.27626260681786846
1566.5980278024574,14.50066722415857,22.758679412248405,0.2426441151239365
1408.941640785815,14.684828850831982,22.2169727954901,0.21272629422131412
1797.5477859296773,15.212706125843528,21.95532728297103,0.2048182476916231
1709.6179876513975,12.605219381928965,23.387659277118807,0.2450230116040744
1706.683246839689,14.191363373962453,25.85958019562179,0.21303779592066563
1601.9817578003156,14.269973322547772,21.788110900596582,0.28612748985736824
1518.765842162135,13.01086708740229,25.604784638027603,0.23247200977190852
1587.527782664748,14.57986755795408,25.727848608022022,0.2455318164992018
1345.7393751068507,15.13771490121698,22.37936065604688,0.28671257067444433
1681.7335389135105,12.559159839774434,24.08658530082015,0.24278319523471664
1741.258212329102,14.357168530293391,25.770018499339496,0.25435554853029274
1431.2989805635764,15.097529292924566,23.2264605427996,0.2393513726359539
1828.6242636523323,14.885521928343087,24.73860411678617,0.20237710984550888
1912.2165319999144,14.025076537013268,26.069449187531855,0.20940670054207608
1871.9268378438621,14.300539627500818,24.79001975952766,0.21326296321438404
1574.1139209443975,13.903872234331336,23.159449254606134,0.202562484071502
1842.7560884991585,13.581662764575743,25.570313643358226,0.25218474639585864
1620.8844834801125,13.927604478336356,26.33511016128603,0.22337083993722454
1358.509562833924,14.62466729876931,23.12922309163291,0.24513338809512275
1609.3986503275978,14.908996555312646,22.593675504708212,0.2086423561181433
1373.1861108802325,13.07156812090423,21.631636579582217,0.26332756376547095
1484.3712167992692,14.353567971991502,24.447979971296014,0.2191854452711449
1855.4956726307673,13.69413802047097,24.297446560493,0.22565725718949206
1777.9621747634667,12.83866057930859,24.145001294662762,0.2328464043028057
1867.712543251835,13.16630423656656,23.588386974877068,0.26025150067534325
1797.0546765058255,13.312852544798174,26.3548535577168,0.26246411871171926
1682.240008840918,13.53408104598254,24.906923222961982,0.21755483754713123
1574.574240102229,13.254676159403518,25.122677927197703,0.22422078614951027
1523.9144918920276,13.525523297304424,21.84769380015411,0.23931039126317016
1400.484641592443,13.534991790188718,24.996107820333943,0.2267855346563524
1607.914906639642,13.38770132239953,24.55308728267903,0.28668998505114784
1585.8829390900635,13.956201306163434,25.815192714432214,0.26876748478205115
1620.8997492922297,14.201310491424268,23.943573784285597,0.24771553921389944
1539.6474143084977,13.007387081036203,23.198300623999675,0.2800912051845901
1430.237821157012,15.234499685177841,25.252835263143897,0.22575423847300174
1537.727704343573,12.678810737452165,25.952321207449206,0.2894653622910956
1580.290928474702,14.19252840853969,25.344385425156233,0.22466234622834372
1380.6631937778602,13.215849949461148,24.74590694284185,0.2608347931120803
1418.299648336756,13.875633542198756,22.810660503985545,0.2829969261991338
1381.5622890227025,13.569142529325093,26.023821127616113,0.2669737486470222
1929.038382999325,14.506738924904148,26.251736873410664,0.20494677680868686
1622.7914213984577,13.09955291222753,25.393092257116724,0.24055671096659015
1655.974317061047,14.886918398699583,21.760805162498112,0.2990969137480648
1732.826736467834,12.784075904134944,22.17821810986524,0.2079916730966271
1587.7117855851916,13.337696485327415,23.104860813248134,0.21151576409121625
1915.3220195015556,14.885458383449617,22.770425168821582,0.2912150369777166
1538.725046074388,13.009017976945803,22.348146817377437,0.20166656726909535
1760.1829652026697,13.724495131688563,24.900692286776838,0.20370955255009232
1801.571677106404,14.529676530293186,22.94589828695402,0.23469072273591304
1823.60062695172,13.615583558910144,23.435623382228297,0.21361161205663443
1470.4954848047626,13.432455442768983,22.210293205968505,0.2949867110597456
1917.0657109688375,14.645514472968488,23.48875546249029,0.2654921812968054
1931.872684833945,12.878324417518627,24.436129352810095,0.21445929660280114
1820.527440314002,14.020401850128533,21.92579312165389,0.27209472032938514
1532.6671654708896,14.244015303756914,25.54613585692461,0.23044946697863547
1896.292835151449,13.335074497246335,24.349909104153593,0.23165154781577307
1792.970025673891,15.198002042193846,26.03904818453992,0.23423468857549676
1341.483484169145,15.149416843079656,24.217292670752926,0.21093723857674637
1875.0765771963197,14.49103927513266,21.647226006855334,0.25414203342590935
1384.3386653747007,14.61094357132532,23.11360509220888,0.28512963384080153
1670.1677343981512,14.788194538921594,25.07775089086301,0.2648615008750411
1865.738712076741,13.220310913849678,23.026507800731903,0.20487952784957822
1781.5248570469462,13.566757428914388,24.713240507844397,0.26195339885392444
1424.1747746808255,13.642403422935569,22.720480031617242,0.2233168736855217
1837.0380886939604,14.922298466356304,24.328550939825632,0.23272982871630907
1413.732253725944,14.314144619849317,25.160713958079317,0.23605100585132147
1656.5483880644135,13.000793903503636,24.72782070992106,0.21240625668209048
1774.6424653635092,14.250740155133576,25.678719181260583,0.27353897194886184
1971.091613663893,13.738803508008871,24.833584148634444,0.2120152737030995
1813.8374284202741,15.239081576772394,26.245629017420615,0.2942196785700542
1700.0842734687556,14.697127676200392,23.022559357435686,0.2557915649838772
1620.680417174008,14.312304091477337,25.9005274863373,0.2752140135496432
1751.2848317005437,13.021456419264776,24.217532070382855,0.20528475964243764
1755.316169656906,13.212226177853033,24.789434142004602,0.26097140317022577
1838.5314814550782,13.670685620512272,22.780203358708054,0.2885802555003004
1719.7597228652605,14.332114763378799,22.041923053585716,0.26732483368894
1398.212317583078,15.000900371045155,25.381847909241685,0.25186782210338704
1662.0285539929398,15.09946595925634,23.675305921518763,0.23620339365764634
1605.2595687936944,13.187943799745403,25.374291432525993,0.21382318061361463
1906.4384044872938,13.809900022643959,24.7485970669739,0.21832147848660954
1873.9320431968433,14.986401168623228,23.2790811021228,0.24995443946821816
1646.430257879369,13.81650087964146,26.084006758841163,0.2833239438887349
1962.246830453662,14.798840028857112,23.70063773316705,0.23074972684272668
1773.0353383467448,14.487750482682513,23.01324638553546,0.24619576469209678
1426.1955537839708,14.91913369538344,23.66833919371441,0.28109432652612204
1933.393829170714,12.551979777200794,24.781377844023492,0.22178380121534802
1654.2723557818235,13.735283152802529,25.61150041258263,0.23647946360934166
1792.6018940295723,15.212012257082026,25.021930004455207,0.2564649067226073
1978.7661741067777,12.927208227208672,22.72881322268168,0.23348897410439903
1422.902646409546,12.887850035367554,22.848726354970765,0.2240707980482291
1414.5554550113518,12.70328423448002,24.821084403425846,0.2727854729578776
1698.408318900111,14.975590775187662,23.717414735274573,0.21198601948730156
1505.5595175031535,12.884398157320268,22.27493228702666,0.2759732436476805
1402.7316081187762,13.4528622662749,22.28923913581157,0.26898195348826925
1439.56377558701,14.666848200281887,24.164090627967088,0.2833697914420113
1880.9611290239052,12.578798495028286,23.905938475676304,0.28161178762542055
1739.9557948875747,14.867400343301263,25.489487731947897,0.20781629987154637
1655.13120273896,12.609516138120805,25.844677063408895,0.2407579749358375
1587.9898998895042,13.13054838660174,26.29522226947755,0.23043616282783522
1975.5314512014636,12.775158176286954,22.460465041209016,0.2009405690607739
1384.6269467956242,13.740962756539016,21.67770968577948,0.21454909785196738
1508.0055460249328,15.004389339528286,26.10467983313638,0.2407012116382292
1541.0241199612374,13.614166527274875,21.868758016875663,0.20630947501648
1576.5362981653973,13.704692612589492,22.908836627248025,0.2599936315925683
1417.1779463839396,13.420926622149004,22.778327815519926,0.2744430693067086
1830.683666829217,14.075747314791618,24.18114237139457,0.2276628397184623
1789.1555404218755,14.440834087403148,23.84556566161908,0.21759100725025496
1548.726037020214,15.246257418429353,23.978977072942108,0.2870339221979317
1637.9700091075106,14.769938011729483,22.752503748857173,0.2516528096267434
1726.7088535077837,13.713506831920386,22.973984810610105,0.28441702440693767
1568.5411447936494,12.854023771944952,24.284771751280704,0.28895007167670056
1941.3649977429757,14.071391726720202,21.667500534124024,0.22513872972585655
1392.2603833595738,13.96440388515982,25.512569239980152,0.2500630790432596
1573.2180088642992,14.74373424529244,23.18461042997657,0.2616059055474757
1914.788604305858,14.902815779093162,23.189464107639147,0.22764287589155097
1675.6162539796953,14.194823416937746,23.734025005694523,0.20740942215748792
1750.2412125369663,12.814108099158066,24.925802789600045,0.24083554361214618
1529.4324922489984,13.7736694162561,25.87033789549131,0.20424332339954188
1477.9335041466868,14.969051420544828,25.88580920953368,0.2244698504149101
1978.4457967314047,13.01541120449356,24.8755151427265,0.2360202898136045
1754.7219341343339,14.73370160908321,25.904570900125595,0.20262323989442405
1712.1105398284185,14.679787971722375,24.932294493549392,0.2642661460399685
1354.2590598223246,12.609698699567826,22.843886225369754,0.29708380586640504
1678.3957191465274,14.16281265781374,24.617895204730942,0.23509396012476957
1883.612090181872,14.373463089469572,25.22926592757232,0.20696439724770144
1933.8026063218606,13.369296164237916,21.983815181313222,0.2951032444638232
1426.5206550468683,13.82476233258567,22.737962978778352,0.2913428965064877
1328.5931560491106,13.329155656537168,22.06481351709948,0.29226546534710235
1844.1885756732145,14.695697972841538,22.95437873785148,0.29389724574989523
1452.932063480126,13.65071875979405,24.936547585799804,0.2164259740703125
1780.3408366211647,15.199012547453972,22.682517167366054,0.2883241143884657
1584.6568947139795,14.683729914103035,23.098765560873925,0.2133916295572005
1678.7977161572107,13.606427394333766,23.61540832868698,0.2948337235648575
1525.2231536563145,12.821701143989799,25.073825025502426,0.25565146333206284
1860.0402028519416,12.705072760537256,22.52325808294604,0.24038291333923187
1333.8036832203243,13.868506644235342,25.47808357534724,0.26794831370998057
1392.7230944264338,13.344806785102712,22.84585403516915,0.22737068603023228
1598.1033997471932,13.650288259234602,23.102687437558572,0.24061608635534643
1576.3011981970653,13.074619035356143,22.189951508213767,0.24478069733596397
1523.7113789824903,12.769352075944015,22.425115004196936,0.2458442700537626
1440.7607763716935,14.3791042749265,24.94035944236796,0.2933983989547314
1382.0391656454226,13.590408886195474,23.086411280313023,0.22210014629730804
1733.7421920254055,14.10001700373064,22.380980715732207,0.27194662964100175
1621.0922782377247,14.11613219891089,22.336181630456228,0.26630566465610334
1784.9922574893533,14.324590734739171,23.050578528404916,0.2745165661528229
1913.3022862240025,13.663060867169891,23.81609849284602,0.247840800167698
1814.50621237802,13.024081786682917,25.910194593976424,0.21337186630452218
1804.5632789413135,14.462646435015317,23.190957457570587,0.29438586264257915
1851.8897273398738,15.095744509492455,25.985389793574942,0.23411143283048141
1600.8028549770615,12.549324816805159,22.543299947912512,0.2642010115319816
1933.8938738857128,14.438342029478815,24.674623740676207,0.25678406410605553
1338.2451486880018,13.369046174570004,22.467126081413355,0.23304483644701246
1672.0963511096409,14.326762834304207,24.24884716087041,0.22257789971623607
1557.627457937886,13.96801524867028,23.922164875350816,0.2560861592438146
1803.6184406678817,15.137569215417889,24.992021234130174,0.23727008936083668
1678.6272390322727,14.682512521333965,24.286273663314763,0.2380327318252103
1338.6019392829894,13.662022635000328,23.602203520388592,0.29221410829179567
1779.1576733020192,14.411781600005707,26.049147222667546,0.298279507327171
1892.6495763248106,13.0586894223299,21.86740326325073,0.2168096538049768
1369.5934492704548,14.999143086063835,24.1325161267857,0.2948546824172262
1752.4161064887314,13.516465897470528,23.271154632478446,0.20896155193558882
1482.5840970554052,13.45299093219632,24.11896278301803,0.27198582965284396
1669.058628651973,13.4263660941578,22.441143835874794,0.2718565970436201
1814.0389430889654,12.743424653100874,26.264209780382963,0.2176292234354478
1467.272991750645,13.564542683108078,25.896766433006427,0.23531555247219907
1430.4444072030262,15.132734156084705,22.877678619737484,0.23601589620389835
1382.3162326774047,14.969285236099806,21.693317208526956,0.2666245742615635
1828.0836463489732,13.961929682617926,24.352543503062265,0.21509408924011916
1856.7414362863128,13.346630964908035,22.377611064171727,0.20225443929384118
1838.474167514325,12.951484856483543,25.20113430719741,0.21612897433906547
1856.0462149807513,13.454697279852168,24.424379096992844,0.25641123757038903
1710.1556738857332,13.505770425171352,24.339072319627927,0.21552946544041157
1346.085455240537,14.137755949057333,24.013784984442207,0.263111984233644
1979.3324035565447,14.058289028905133,25.32206638132185,0.22636960854880123
1454.8773161295553,12.719848471574,23.679692504096295,0.28812142795959245
1350.8905731119585,14.391011971377491,22.597145108531407,0.2513667336873387
1514.2461280858327,14.68038636275282,22.104376975875617,0.23530165948928614
1855.6049456268483,12.66733005774783,24.682949829235007,0.26811784181334014
1409.7032461575836,15.013691346618929,24.70773786760175,0.2777916836146825
1455.0392254380058,13.191150801098502,23.163761967367968,0.2459898537857801
1572.9989001630956,13.00406835670312,24.318556804200167,0.2604381354989968
1339.2099045267769,14.326333419233029,26.045803843622224,0.2201602779055926
1519.8983132172118,14.855887577881859,23.431431960683465,0.21457661801347377
1790.2109418279967,13.97513867195174,25.032512364559334,0.2760840970979591
1914.8180458373652,13.823510851254115,26.337346409253993,0.20603706565440472
1581.1090440352887,15.251313316392718,26.105150822297627,0.2002372457073323
1641.0706062172032,14.93080542897692,24.43290296086862,0.2385373510142723
1959.3900178420733,13.150128516765443,25.517933567353417,0.27107358109588797
1458.365920630563,14.585722432489357,25.62324719992264,0.25647820625721146
1523.6054634381553,14.018802299986529,23.815535562357045,0.2421062413518183
1383.7753792873332,13.768613863028524,24.122775162527116,0.25222414691573813
1494.8549172021571,12.64612327966648,22.060119055119394,0.24185311927838984
1608.4355926357189,13.0828179965096,25.32696507072148,0.25521368134095646
1473.841581487386,14.148826676839862,22.046089659634443,0.20815077113150965
1767.7559432633857,13.183554797265092,22.0648638201107,0.2802941582818313
1495.4257087515327,14.2819451134569,21.749234632906592,0.21798709124561766
1445.826466427746,12.710933013339854,25.361694589092735,0.27656681121192095
1443.0526444859527,14.434792085366583,23.50921964976942,0.2626781235049077
1911.9617896699367,14.724224256637022,24.982125534742853,0.26193275341884875
1646.6544544231213,15.167942599466791,26.094484931028866,0.25988824138111316
1628.4410110998394,13.639928019583833,22.67948627292206,0.23650737279769546
1424.0465146932331,14.299576504681584,24.956359225289752,0.21809261263672913
1787.864541374833,14.824070112245943,21.756231898211166,0.25749688447706665
1521.7855129313518,13.918063855850823,23.12995193899277,0.21930760233154087
1964.5387670744117,12.536535757759093,24.450606689843692,0.21055301520036332
1916.0890968562353,13.625141486828309,22.527500151560908,0.255439752742777
1601.0190681769525,13.218235303591612,22.264942340423307,0.22513094045317322
1795.418230379402,15.274622331272784,21.609641494429376,0.2029870629824148
1906.2897067320537,14.633274834486627,24.26664265145533,0.2646552968285038
1353.3316429798838,13.071654318286033,24.032241228449053,0.23931693620211858
1704.134046194566,14.911472744133793,25.841045481362297,0.27352090068988444
1856.3119803147508,14.208011166056524,24.215889431314793,0.21844056615911703
1518.0257147663344,13.71216541337766,21.872995346865274,0.24699396563166207
1572.356420070703,14.246539249438134,25.19204453982943,0.22404787044882227
1817.4487418635183,15.162560574434494,26.385147860464027,0.21810532590751538
1976.3670172186482,12.890045078172399,25.54242455578016,0.21081667910274815
1739.4051408900991,14.242133065243378,23.200460115779514,0.29761243831476103
1536.9587548181676,13.566924675477468,21.861805795889012,0.22847925510674258
1490.4485812941846,12.720617833475336,25.40541915285339,0.21629080549136873
1484.7934436710593,15.12489100481827,23.926055780825312,0.29480462615312947
1364.8539007528905,13.747734026001188,23.760155642257395,0.21461382878549537
1379.1145322979935,15.142500874302298,25.696420626542896,0.2204571344326305
1591.308491365575,13.86131285318473,24.078756573549395,0.27146236556891473
1880.3694302434237,14.80490096244217,24.168932841928367,0.2935608152704418
1515.3818123554236,13.18360536081626,24.837868333628062,0.2582259216600776
1405.9953322045503,14.801514576137919,22.815534824067687,0.21924970610728922
1739.540327726094,15.261259423406015,22.2761917995163,0.26114833260559234
1452.1210821612028,15.159791183378825,22.88760998974132,0.26375108599731417
1351.3299477420421,13.360866672855563,25.206889266435113,0.2163605448170286
1596.0969536640373,13.041703489654418,23.772886591007715,0.29122754118197036
1937.501672212915,14.80883271885463,22.657525626715938,0.27246760843020196
1360.5319511371033,14.431610114681794,22.737331894682477,0.28305153170412184
1808.4642005709936,14.671041714363406,21.802667642848082,0.22982622377098116
1978.4365923760395,14.775776082354117,26.35590110664984,0.2238242246710991
1766.6318271804048,13.336309931872227,25.714867951915036,0.2573936221252398
1858.6373161759886,13.591960163339769,23.364996109219984,0.2880926926282559
1910.1380198429156,13.656547050670616,26.04851821950043,0.22394997321311796
1323.275664989301,15.125633016718577,25.919297257314625,0.24324070703513484
1953.4568723732739,12.562229293599078,24.811069384729294,0.20112659814768433
1971.718704908097,13.43307576073067,26.093569149805962,0.22063709876281692
1588.229706535927,12.608563106463425,22.51249549099859,0.2261521160877222
1532.3647941225822,14.459078426644735,24.015540298492244,0.2779289134085844
1685.3757504842763,12.709186044273553,22.27498590328592,0.2586835433382735
1541.7117807423285,14.37024692343818,23.010426262671263,0.2568656430242254
1798.0856687801338,14.389828003422952,23.059347665085873,0.2570697327722019
1844.433853340937,13.427060153498873,24.120173487857308,0.27640161286846937
1527.1612457471413,12.876230374587628,21.945656186676622,0.2656629462596002
1822.1744489903908,12.94689571399876,22.847540942416156,0.2874078271820192
1620.218436275789,15.207302669520331,24.739908980037615,0.20015536438229206
1670.1035847577953,12.858029368706235,24.05657876972247,0.29261056616215625
1935.4767955588666,13.682217512633022,24.39952710687323,0.21155819791490557
1443.1897136120983,12.994518959106456,23.27224938024795,0.2911481643012773
1400.591323450557,14.192432128544647,21.85941880025398,0.2086496522512429
1705.4353091975784,15.083748757689719,22.582319152404736,0.22659423347850177
1521.2857409011533,13.906280051589444,25.814478191897773,0.28463670594585944
1902.357924918307,15.029947438920123,25.41510458183751,0.23440055625522713
1705.978910761444,13.110532610112461,25.702152832052327,0.21686818177736547
1551.307890924465,12.632223940308876,24.29090156673874,0.24302818723576516
1819.3401583455206,12.859007310332194,23.80256726573399,0.24271559855076832
1675.4446021399688,14.524947752305852,24.63366456519654,0.23545464705637864
1943.2345993945908,14.257470179074973,24.440453731196868,0.26023970484854364
1765.154949488219,14.985960863907767,22.75906305078345,0.2287834696171478
1628.5107079413503,14.205822733238454,24.678333397477033,0.28708770773862174
1369.51523422989,14.944617612312932,24.9719585066444,0.20031121074213237
1523.557651037735,14.45364937900706,24.365912903743336,0.24628514118627176
1945.3691152304195,13.029267975250233,25.2372794743732,0.2905555455463513
1718.1641964496657,13.772781390096021,24.495415495381817,0.21073396375401166
1814.7613418383485,15.271226787913271,24.175873828888435,0.20852442199926483
1448.4989806162891,13.233094399342237,22.037086813711525,0.28420579351474284
1405.2386620591226,13.639492313438284,25.925952168623777,0.23536494678992706
1835.1573673916494,14.858882065397278,26.192690539671474,0.2593459510001819
1775.2378766755896,14.308052904489436,24.356790063046944,0.29513488471898397
1912.3862589794312,13.064561319719436,24.64107857969683,0.2365418492921022
1572.7889721479826,13.455556499449187,23.961893174922448,0.26726179001289074
1845.6077604244902,13.821409588606668,22.84551291026561,0.2752596517161094
1939.9802915213922,12.83188619533718,26.076791407981812,0.2304897514800585
1763.8456180136857,12.665104174035289,23.571872353967166,0.20820632195799116
1528.063481500994,13.256708715717258,21.707736922854846,0.22821439708189584
1555.1098718390967,15.154035111484678,22.069402579318016,0.29171564682447654
1525.065278953717,14.365734287779881,24.448737480837597,0.29476177432172673
1960.7855738970684,12.763553102775882,24.759407486496833,0.249706124654374
1370.8941877867649,14.34134700894048,24.93133629151791,0.26338198792337797
1422.99646789534,14.478660611130744,25.23108624604225,0.21902758179297852
1412.468483234501,14.954564374210646,22.037836504923153,0.2582131684833227
1588.2833779863884,12.951573284115813,22.304237307863673,0.27752066214039
1598.6907930935733,12.983593240835173,21.965005963580037,0.2583516069247429
1969.8763756418057,13.89591235420968,24.235728543292648,0.2179386937530425
1503.1236126702465,14.847326551595286,22.9790526253417,0.21038876893177827
1462.0122108736796,13.324307111010873,23.004243990357303,0.2284750649260657
1816.345285674393,14.061659409738736,24.876127758305266,0.21984498273794295
1590.0414306948248,14.655404429570009,22.19614957567701,0.2587666695815619
1811.6667623972148,13.04653138066218,24.669120313774926,0.29927545493895996
1925.8648588319272,15.142975198861787,25.49714643270423,0.2656963941381904
1342.213578193279,14.144335411247274,24.767508729269377,0.29988111850169713
1752.327708808484,12.913390450348581,24.27319667541986,0.2503947576651332
1671.52777648544,14.607628722887476,24.509645047079562,0.2723358019366361
1915.4176432225897,15.263561203195872,22.11621844356972,0.23405486932412775
1973.20640908969,13.668703695008206,24.54860976970854,0.2564494834528454
1454.3099667204228,13.767727802289631,25.592333876780458,0.2944937101391778
1550.5553523035712,13.195367056860999,23.042674637714306,0.2747534369133335
1853.0936196607577,12.705410067463182,23.810203277360383,0.29150895373208047
1350.4790856898808,13.493613853538928,23.875332540459464,0.23421436052745515
1742.5136055067123,14.703089221285861,24.207189271712302,0.22502161765373588
1874.7279171363891,13.994336559575714,22.605996380111495,0.2580013890172212
1354.1166630837033,14.152554364464304,24.57511026515218,0.22065992189059788
1922.5980684019244,13.362762392696443,25.320000857770726,0.2845135930541269
1534.0024722281382,13.595067822282138,22.042742740402733,0.2130244279028344
1660.1520282319275,12.975709908323376,25.792133815931244,0.2274421294075985
1967.6290516873028,12.58975486571407,24.303574547412822,0.2659083106209502
1494.666593980038,15.225510148523663,22.66722752878094,0.26194318229447433
1573.8818832079573,14.78451212722628,23.855252204748766,0.26921228875661085
1831.788478807899,15.198676241566691,22.43732197802671,0.24672224149373181
1961.7300015727026,15.207674949871416,22.958532774805548,0.2236268548143647
1623.5622826416993,13.451495644861138,26.252005126526793,0.23350862875182987
1955.310312442569,13.776351948550285,22.726198356076424,0.25640075507071436
1477.8806397481467,15.229186696493569,25.895228717896785,0.21899623783620822
1640.5246097830961,14.292125077515152,23.086029326204162,0.2155106434816922
1775.704344008836,12.705594379545014,22.1632075899722,0.2898121345395853
1686.3347391979878,13.666770633975302,26.399380690234572,0.27416986334093885
1838.7494462048205,12.865186850873096,21.878612654451288,0.24928796600976103
1694.6211593106057,14.92633727691716,23.650866177235898,0.22765504959250088
1432.5347476936818,12.520929802924082,25.686537121260958,0.22270074270976234
1611.6381791900887,13.271757503926894,23.92194073799249,0.22142109397862977
1366.8423627471307,14.00491843175874,25.906596361886972,0.2458413198304334
1767.8783561348375,14.711306057327112,25.564210644436233,0.24158690102156963
1885.688694874685,13.609006819909894,22.425213175535557,0.2512493968649736
1766.5491545377786,13.54421435481751,22.981766808770214,0.21924666207835708
1453.2019827985428,14.871525509570757,22.391409272351737,0.2709373907388674
1880.9065438965704,12.956128582957904,23.2068209104709,0.28429220538904976
1945.0181044884653,14.227281723163102,25.86949058570927,0.25343018883545165
1856.4806314790612,14.375811450812815,25.844165221579097,0.25756175238860907
1714.4744005299758,13.810639533983089,21.82045604175991,0.2404523546200968
1368.767739623048,14.322385709647026,23.269604536222662,0.2743953060441826
1360.8497660765167,12.873260478602214,22.52623400671544,0.2414822902267065
1493.4502518851532,14.189691810249883,21.8080820987551,0.25476650836282666
1728.7731381723981,15.068958953452551,26.18184298678282,0.21481454483416146
1900.8246790652502,15.020488542259676,22.276808037782498,0.22065184193584428
1779.908266462398,14.268322885246784,24.581721463456176,0.23604131475441717
1549.2817547055236,12.888222458947858,23.126347099170292,0.21122498702686393
1748.252298587945,13.658677361475377,21.671130497353175,0.2338421510153291
1904.4018147435233,14.306738170324572,22.714789350603212,0.29141032519050675
1700.2038533029136,13.395905594741178,21.91694917161284,0.2808250907030679
1331.1256190088984,14.495915543221917,25.42878235376193,0.2671378546684619
1723.551483943863,14.626036324377251,25.62240723381055,0.27206052434404737
1409.279771291535,15.270149336644062,23.429134480062547,0.2032127443483859
1780.32778214765,14.183924343868563,23.31183300532245,0.20955671208775892
1670.4639080525221,13.118466069670228,24.754885903001327,0.2940733950090375
1948.8107932186717,12.754035770272518,26.294332597986017,0.2769157855358379
1440.8848558572313,13.0954495131048,22.791052072259255,0.2842284545339739
1581.8235707025344,13.464369733376833,23.575509646332794,0.22632477200456716
1336.5017429220547,13.879306389070454,26.355833914596364,0.29925069276255856
1831.5223725004282,14.297207622215787,24.832176846197626,0.2899422226317973
1833.061756611041,13.000728556519999,25.776804261570987,0.29194600023502454
1568.7450041200243,12.984346617768509,24.704859710399532,0.24645684179315147
1381.9061144638827,14.637932955601851,23.004101679517813,0.29346764692433414
1626.8101573312326,12.720481317647542,22.536015239823353,0.29979554599447505
1512.7518284288171,13.014832694287684,25.178661311777347,0.2865616258216027
1391.701650603777,14.050101280990031,23.992679687830034,0.22542043562207084
1630.280571994643,13.262624871792022,26.127674685925882,0.27811087463902634
1729.6974158855899,13.453271827353761,22.178031111482284,0.26382927377848087
1356.8499417739451,13.263342049616194,25.01365269572354,0.28759138343972257
1936.3479717756732,14.056754727556541,25.759364737102853,0.27254443013732926
1687.4974591521263,13.214326457198368,22.941295123144968,0.2484436841946349
1382.625098623096,12.806156277718847,24.378945417206367,0.29282584963877867
1882.6906448942798,15.069898088231655,24.400845534914932,0.21369210556403517
1885.5132906320139,12.837851655517142,25.204808832218145,0.292470619753807
1379.8994253708931,12.851583913449742,24.47198963747768,0.2399780792772001
1431.6184681791374,12.828684836629222,26.160136830436443,0.28521466437944426
1522.9454789743756,13.818438860717622,23.577355893299426,0.29493145388031
1493.4483794687476,13.813441600624285,26.143458149832167,0.26018755838224755
1323.7250894935466,14.831271840344533,25.248246374979647,0.28653101338822573
1409.299778521661,15.17194991879043,24.937491461215355,0.24085778678372796
1923.8011882226285,13.183953078784812,24.410220654714877,0.2695419944185835
1597.4001148119248,13.429246588835198,26.288900037134734,0.21253995462709874
1821.160117708984,12.558577386311594,23.52347871785166,0.2613573030046416
1561.3941105226709,13.697261478261304,25.733339403547397,0.2670849571724848
1384.2912052954093,12.998112758242284,23.634041302236977,0.2181537179418104
1969.0491793585231,13.26825026266654,23.92799799142309,0.2793348828792896
1783.7716427783266,14.134900006544557,23.90810596825122,0.21853082213551137
1449.0704172235576,14.27834911541327,25.061233418427204,0.23381849025358498
1444.0707862653662,12.592471228873215,25.67171959014656,0.21931186068999498
1344.615466996679,13.956432404466986,22.055956442537074,0.24783771847164932
1724.2180056729053,13.237207665949615,24.94793753485362,0.2668403450802347
1508.4633965493326,14.346824826906204,22.19875486272838,0.2356817981062172
1695.777669515839,14.578531607772103,22.975830444455337,0.24316682592151492
1883.1670959168937,13.064423280710766,24.54263624219487,0.21128868467068165
1628.9590154560829,13.484052937127284,26.37737599364186,0.25383772410571964
1838.0824785037028,12.830621127605047,24.238846336193806,0.20962509912458677
1864.3028986669533,12.849551545101217,23.892961741944454,0.27618613575685774
1627.1453619901317,13.375877417755689,25.129793579326794,0.24713259993535172
1663.143369388661,14.786763201933121,22.222866263876835,0.21166359540601254
1979.3852530331503,15.236398416467516,25.756813883934747,0.25952087362199444
1369.587946018699,12.982463463017842,23.81639333434975,0.2605207932657405
1557.094629130548,15.07897814330758,25.335287418896115,0.21855157912110956
1745.5953723818268,13.097475712743519,23.191959199328064,0.2165787327687435
1488.3771234765793,13.64826068099831,24.742280403384108,0.2868595858318609
1428.3509978629397,14.050561490560426,25.652755204646652,0.2864101101748023
1754.1099666850682,15.03883518373925,22.872478959397114,0.27782654961210956
1597.637001754162,15.154977359602897,23.612878487653287,0.2931684878525518
1498.6525676769581,14.651253689569282,25.55030892057218,0.27676848769018586
1818.6124702631407,12.905290662338416,25.423607918397153,0.20836383088709623
1540.0161246670766,13.08843854808454,24.703131728156993,0.26599981250186444
1967.9089275156743,14.070859761857573,23.337875422424425,0.22638265249812276
1779.8250380963761,14.145250467024761,24.39608781127184,0.20720872198103346
1915.7963430077782,12.60813893870672,23.19900556640455,0.2575757711485572
1718.4112033137885,14.285099430648337,21.706196283189417,0.20820547498300582
1433.948565785517,14.397679412594043,23.206990291834224,0.2701459874373668
1873.5043454229988,14.901164197392944,24.12241525497829,0.2040475804206057
1960.7875625383474,13.434695290918489,23.308476254832794,0.2894981471346514
1349.739885325717,13.749484072731683,21.83977352909809,0.20531974918928003
1649.0324012414837,13.62190805557809,22.927906967125928,0.25731891124580625
1815.9403522553919,13.017084112248128,25.9348349093547,0.28859966728604797
1887.5883117805458,13.927842600347494,25.024095817767382,0.2589879047598124
1756.3011372140318,13.704100722999108,22.75681444785658,0.22861543722929625
1641.2881200861489,13.628665233422542,22.671702011018322,0.2501309496635038
1780.7822730005855,13.72739085172367,25.907529791264672,0.22577181005205646
1969.7892254028561,13.589294197673478,24.925421040913488,0.25730288100213006
1821.9631103349382,13.585727281992614,25.60355249311597,0.217828346008695
1519.9622248395553,12.515763082326266,25.534921837333727,0.2805783478124595
1851.231247342096,14.343870201756195,25.294094505957542,0.27048189961313085
1393.0488163515804,13.445374105769487,25.861955699888238,0.29189544412585944
1447.6554251671578,14.865176854853294,22.298026627250696,0.275246962248516
1584.2633839135792,14.309091980356875,22.281623543011833,0.24571799478924833
1542.2092536588539,13.349274974471179,22.51564177321624,0.2434244561365163
1530.9074952646727,12.773565984332777,24.109025727207555,0.2222802172068638
1934.7296201781044,13.815339332715961,24.71245616193873,0.2811002105673461
1652.155957891996,15.020240884829864,22.107673945962944,0.25354378250842463
1683.3435638060716,15.202206744671885,22.0215419739609,0.2067144813047377
1912.3856509749116,14.088635607453563,23.582399880723425,0.2317480958146448
1360.2714506120606,14.454882234090455,25.555262183463075,0.274181611181946
1662.153553709597,13.452527624342796,24.10559446677061,0.2812327037341591
1488.9770311480088,15.135395483904087,21.83790122475499,0.21849522642444605
1513.9498887765926,13.21713866903064,22.676506316162012,0.2684349808956549
1826.5740891685682,12.594278299692716,26.349253806255287,0.29486005433055135
1959.6354848564856,13.155720638527356,21.666727344664025,0.22172904352132128
1661.2025433409467,14.215872705965143,23.712088133151447,0.24157688370323044
1527.6442973537728,13.904409334739965,23.89570750743037,0.2540305509595323
1878.143514018084,12.875747764451985,25.469446220090482,0.2829227547047739
1829.5044411785473,13.203059441202543,22.230115227262566,0.2049866420450524
1802.0252406031386,13.414353981103703,22.410787473652615,0.25550865507570136
1784.665872269106,14.202657893044394,25.071934396999517,0.20026162256990016
1659.327013729207,14.720052739994609,24.569065320306503,0.27054319067771426
1873.2555710434656,13.978705442522669,25.31928563076052,0.23718073248731392
1429.5032926597617,12.885861876219147,22.546528957808814,0.22787519110658302
1827.0342032427461,13.429915626439813,24.561702610388284,0.25524444674232205
1971.4932373971155,14.04338303821605,23.66434459037353,0.280170350845632
1700.2720774188463,14.775316068196457,25.569569536365762,0.2885944406485013
1368.4537626498898,13.309898326352412,24.079902572916534,0.21671487600504405
1488.9431021399716,12.959282939498827,25.20658118428971,0.24551003747119665
1904.6248456824574,12.581476280831076,23.815797968166418,0.20685920987768447
1664.1071248297715,13.302184598121306,26.07956763488328,0.24795573455692305
1898.7561063749285,13.15973643684779,23.48603485288675,0.22924222407751874
1694.157262283292,12.806931102984967,22.48117614338247,0.2773959113374143
1637.6842710686485,15.083989510357958,22.304973532125345,0.225230872003062
1863.0020479016782,15.238573520908048,25.676158232663852,0.27808410336599
1600.7633265134325,12.708659926875344,24.406820896175898,0.212458292265691
1645.1622148260517,12.644233641214933,23.703073596486725,0.203351037548708
1659.7589148114869,13.024529827688372,23.62159010387283,0.22389841458137077
1798.2767139449788,14.188919181626707,21.751317523027957,0.24092136625455324
1443.3933258933923,14.195522028429995,22.34762293621194,0.24392004122361916
1668.2453100299535,13.578100753845096,25.503110459658526,0.20467935945575597
1975.9840431421624,13.441627318467505,25.064416029613714,0.20004854601025138
1903.9229309733034,14.289823311144442,22.19478470765518,0.2847978315379539
1513.7940755945647,15.115974502278508,21.958689248896,0.2719683304813979
1821.1829694082887,14.414958219160159,22.536316324664224,0.27452510171435945
1755.3886841093022,14.323956968000495,26.339808221210802,0.2690602069620294
1470.4347445288602,14.082260582322819,25.074677501913605,0.20596676610309012
1738.402241595637,13.002266232172357,23.545657205391926,0.2935890927370584
1804.283980155737,14.809223312126537,22.242113598896065,0.2096200542130022
1383.431321712868,14.78218080421562,23.41497787254242,0.20800296234629342
1957.9796026952454,15.16315458139047,22.179018358138247,0.2626702427253599
1767.4090427158194,13.118793794551255,21.98040633124306,0.20333580141077184
1624.2154212062426,13.647031829109462,22.076624263131666,0.20227362331695697
1808.5290091550855,13.881925981253666,23.892397766247296,0.25024152965386015
1356.7269413413176,14.59210788159938,26.201773663852656,0.2780824794668814
1658.884754388066,13.537369754889882,25.138703843971374,0.23768151569994095
1643.0700626584778,13.378719410235853,24.848450285189376,0.2352947798332198
1782.5600146444322,13.732978751786645,25.253536195682894,0.27551283613542116
1971.1366531442723,13.24540722432961,21.85371320189249,0.22253976988321603
1955.732649296853,14.611014002140637,22.643666789913812,0.2907461689666477
1619.9477568545597,14.274193110361486,24.991558841634205,0.2607758279995929
1687.9263566861057,15.250032830326097,23.64747701576813,0.24429808147947996
1472.1014985981642,13.600718562024644,23.27836947904702,0.2613848532411001
1494.511539520998,14.171476053627318,26.029780613309494,0.2969060440110368
1526.9632313650875,13.763638970760637,22.474708408713877,0.22678881287090472
1676.5658927077302,13.862177527603013,24.35215649866782,0.273642135580146
1447.309616765181,13.590486679792948,25.01173303156267,0.214556747166947
1805.0326805387724,12.897822622236491,23.81357532476305,0.2923787545877575
1552.1540294914346,13.24845424994186,22.37053104032544,0.20541027645883922
1480.1213674630242,12.810402709966656,24.433926460273035,0.29686514714224627
1562.3585379546207,14.21018915387167,23.06233670703259,0.2870573469683328
1451.3449437342556,13.933900669350717,23.29696959061772,0.22119659436654887
1386.266200146107,14.629590572125327,22.34027594007434,0.2128803707058721
1329.4936673461893,13.53540323855413,23.144709084373968,0.27080392223492306
1523.4713653083074,15.187294387869288,25.35796239176106,0.23255561307056646
1600.699238112045,14.95565879838836,22.376837714119606,0.2629985848614894
1823.9217286586702,14.939130959674289,22.245593740089372,0.2502624744355518
1481.1707619355902,14.101588827868843,23.929749076561887,0.23161420691038492
1538.843503273989,13.480581568433658,22.632137461635008,0.2869940747472942
1846.322682652975,12.844293123415062,21.932516072103034,0.20356834430531104
1631.4413421995655,13.64488336451586,22.508508246512932,0.2096894695420023
1802.5016527943017,12.797986893525575,25.93923991728527,0.2665098417643285
1737.9906911262644,14.65678534791447,24.077483785045757,0.23713365601011568
1455.3858213679925,12.874059337178823,25.700158417996267,0.2895008786290094
1321.7482565289458,15.193198653406442,22.45468159543998,0.232852805884844
1585.8483867267057,12.647779017046615,22.626764712843404,0.26053282832811686
1581.5553247306573,14.025867942617612,22.251480181583762,0.2905900008083907
1934.0860214862735,13.136318663776885,22.93987112908595,0.2285389966174541
1697.4900610112168,13.719899311059997,25.080231390176234,0.2689256876837264
1452.1201784484056,13.347300308586876,23.756519519456955,0.26543103255220307
1386.2154403787056,14.224866268456683,24.058700550703602,0.22222925363673432
1877.7143717449078,13.34783511745637,21.98872410813614,0.24047191531388776
1558.052375681572,12.933328811934224,24.192152226419186,0.2933803204322839
1719.7809107155906,12.79767315384587,25.436072485249625,0.20521015673219575
1569.7227282506294,13.483944351515001,21.698054791086,0.27665654134547674
1883.6838316195372,13.945400431892269,25.948989195998013,0.285980281168362
1865.0222399206032,13.45745124704427,22.09334481165639,0.2033479476616022
1931.7367857723964,14.060284268091824,25.84849243361056,0.24696374078533004
1562.2524030635172,13.150882635493847,25.604686035011273,0.26547633433767825
1837.216143975699,13.310800763637515,23.49892449626667,0.24789273625986782
1733.513336122092,14.984338871649818,25.62097596798792,0.21808035270649154
1373.3032017155203,14.051641947571236,25.233796390397057,0.2172931104567802
1693.8086318473695,12.506772887173685,24.892731118090072,0.23823767214295127
1594.9432725817123,13.987573632927358,23.578965975722305,0.28051381486802296
1722.9709621336508,14.958468019174433,24.274438386542684,0.21479813056303396
1393.0395028928756,14.143711060438934,21.974784086451194,0.2124394908397468
1651.1576077846528,14.392833948029875,24.505159752728574,0.2606374598216445
1366.2887680356473,14.554895090345706,23.49873639112224,0.2948286818137796
1824.186130100846,13.634060589696487,21.741473617269513,0.27664092160565834
1346.5821535216523,14.990755216836,23.732599772561528,0.2344087360609066
1661.4618319735325,13.896274419432316,23.377525392170796,0.24084316160820154
1884.6675877463497,13.968197690967191,24.537473656925393,0.2809502034445272
1979.789493912021,13.228628630466556,23.905405852606947,0.23610093395536655
1877.026018688993,14.15838448303252,21.6127211443329,0.27052358767542334
1681.1049841261572,14.77749266448306,24.9870209690693,0.21913101062861184
1727.30481154832,13.726433987777874,25.989491133146004,0.24388604363581223
1578.8603455880655,13.472344025878595,22.842611235204853,0.2920071975038699
1602.2990973552419,12.590930610894834,24.001058122558778,0.2929874319408946
1502.9297923281183,15.171722306990297,22.9898172148314,0.21502003067735728
1461.5165464829788,12.542633103754774,24.35570291449394,0.2562479107162845
1736.5238795523132,14.62821989233929,25.744971659205486,0.25623809404241965
1979.5372483969875,12.716816004534314,25.77092969871473,0.2913900088201757
1424.3523097386808,12.904862159409895,23.203214266030113,0.2429157792033383
1475.9381966159842,13.408119240005057,22.492214555605035,0.20931385309401185
1800.677593278082,15.172542536461709,23.423570934512167,0.2101023064141101
1458.8640748868002,12.741022983292444,24.1372109719831,0.21127747296845367
1362.6227601284618,15.210096650184044,23.126453466048556,0.21850477274492835
1328.904379979944,12.7428310289524,25.676418371150348,0.2525993273822013
1486.6142656132072,14.753738976009819,24.459567895318017,0.274298693240067
1849.6138758151553,13.286833755817705,23.709476650142616,0.2855600433848536
1783.078187136989,14.057512968630734,22.893606328248513,0.29734374313837236
1360.2594725272925,12.854427657700748,25.994174230096647,0.22898404767934305
1614.1534031882193,13.83502632205893,24.594555382449162,0.24566777165924011
1775.9159341266643,14.932731005154023,21.850537552876155,0.2412879350665395
1737.1997720298161,13.584538781741642,22.617604146614635,0.26705038509395385
1443.7079399816448,13.072578765409354,23.594163611162294,0.25894732562911404
1527.0729746721197,12.906040678800446,23.480931506917244,0.25475870995614336
1517.4535623523193,14.668927956991302,25.95874748631456,0.22753289771562962
1860.1350585946827,13.281306977197394,24.36649424419462,0.20883177850357407
1922.7061893416956,12.592810863219775,25.845571526246946,0.26696743001337575
1415.1715171481253,13.527442070409545,23.57835636547082,0.26182196386924816
1324.4108377682787,13.043917970384541,25.86145980611832,0.23294532422802244
1487.081397257743,14.350948978975051,24.422572930391972,0.27079594061380013
1564.0648648337033,12.707800090664836,22.22010722878477,0.21892066797241702
1467.1956799090322,14.37787933071222,23.875537522482748,0.28910787275014177
1597.3369355890632,14.564546229280896,22.52274789363885,0.2069471991100979
1974.8416170001053,12.870425571333367,25.093399469081923,0.28975056106190983
1914.823832440266,15.087025800099617,26.074965806047306,0.27766971209407165
1328.8820714332824,13.035476463389807,25.63632817921429,0.278474760809107
1764.508385623181,14.461016413000955,24.167858606993477,0.2168986826224384
1391.2393821686708,15.24767321538872,25.515110523225903,0.20406930871121923
1747.4744312970245,14.807002593778371,22.902487848979987,0.2759364477116811
1371.3152276375101,13.288256671286458,26.388908236686643,0.2684609057788645
1493.413414926626,13.141429643131422,21.69786388000715,0.2541681626980725
1935.0731672551237,14.336362629092749,24.612937950401754,0.23805944406416696
1791.6695868000907,14.566393503417304,25.71571714043407,0.29822063491510925
1722.8823143683414,12.723843271557806,22.569863113530044,0.22880782058835938
1975.933005097653,14.433006484191873,24.465599336877005,0.22370695279947783
1626.3366379904965,15.162709191001829,23.232448780701016,0.23625633359353967
1539.1318069009812,13.444110556162041,21.759582135916368,0.2779595047592866
1832.1921268760773,15.140775401902628,21.744867957942795,0.23048351150031304
1473.6564089930343,15.09944870697369,23.69571085121948,0.2693905003609009
1369.053456515852,13.680544393640139,21.852512304370773,0.2958661102326434
1527.5960139322224,15.272944194144829,22.454291926661092,0.21996391546327432
1812.7256694540192,13.016747478421204,23.782333231790435,0.2374856363068383
1908.1597070699604,15.19222649588156,25.143366805194773,0.2704144772518695
1477.449798379808,12.638617376329591,24.055598832119845,0.2014670187742762
1702.0581068488739,13.820060557862567,22.693664839326402,0.2600759913927444
1412.8328527620804,13.488139399498642,21.714998724271698,0.29150727930568776
1815.2817938855112,14.425190153816182,24.61807918388886,0.28721569379686623
1406.704556690676,14.345522438558001,23.429193192207524,0.28135181705150425
1765.4543378100961,13.325311087295454,24.749897669009783,0.24264685573307443
1364.2820688136967,12.899839332902129,23.446255391329107,0.2871083985311379
1442.273182082009,14.445237143236337,24.525713391931305,0.2801334687336359
1704.7149761744588,14.50938254675082,21.6035145319105,0.2560074247321321
1542.8758085363977,14.657390608539473,24.644003107103845,0.2445175075887635
1588.6770238489378,14.799051829886121,25.51222627468169,0.28729883491818925
1808.437454533397,13.639369513014119,22.48475491089979,0.2703822389547306
1489.3619495125129,14.94822807933227,21.89950025909427,0.24486483125661776
1346.9548369324207,13.671041380312312,22.94558142886399,0.2887211782683382
1477.833635395043,14.641621331829425,22.733818541843473,0.26240730000351065
1748.2847779512972,12.627141201084001,22.631341663854247,0.2282602502379004
1381.8829656562546,14.181316566389588,23.61321652327694,0.2051729503746889
1409.3809825870596,12.847714133629408,21.932575346582322,0.2103321158444994
1917.6815879904502,14.334080963598463,22.776230132737357,0.2506322219173425
1330.0588605432654,14.323999143440991,26.22548684102007,0.24104115185191044
1614.6796899109759,15.045879633606859,23.794021322801143,0.2526845725833771
1799.244644476458,14.706889746855921,24.550710476328806,0.21431086993231305
1584.0064175241696,14.412753409640748,21.799473008719254,0.25536322277505036
1334.6393993663478,15.021896295492818,22.26580278992185,0.29490940739651333
1890.2236069708986,12.765637453265596,23.93029067921623,0.22481677487333007
1964.0473713094846,12.72151360337969,25.93690440808144,0.22015881757254993
1595.3470262813657,13.109308362291374,24.140529951628295,0.2784356549154039
1353.1483746468286,14.255266016564136,25.586458560509048,0.2923926875490448
1887.1389437840958,14.26259101342615,22.55120120045425,0.25555347828684927
1869.6257111505352,15.05206587169285,24.8742752148141,0.22691357200427303
1732.8457472080079,12.80787545201504,23.10710958847327,0.2885280065584204
1581.699757145631,14.112528209585358,22.388973329937173,0.27976674812596497
1593.7677398008589,13.589992822391626,23.83189328993617,0.22403002818082451
1629.4393192214357,14.434122392431295,25.88657999460304,0.22119866603560306
1758.1986398054723,13.528590726053695,23.888077514125776,0.2826150850361368
1563.1500901766842,14.83858242430033,22.466346760053128,0.21034935955535272
1367.2523937032909,14.221345222950339,22.06707242340633,0.24548565009869705
1485.7735127608287,13.479368489460557,21.955654150728833,0.2780072143207075
1887.6512176946517,14.234715525576117,25.64823676436158,0.27185290414693186
1801.4635748764667,14.936800813909032,22.283327382374946,0.24206088340956539
1348.3283195429194,14.932785990213366,25.151019940415846,0.22028303493146645
1842.579449191352,13.887812663995993,23.635141158759666,0.2825093730874347
1344.1402278113753,13.712394387330724,25.742637424064394,0.27886051620927843
1902.5648244364556,13.099207017640138,24.52774908508918,0.2144446357586195
1789.8581157299188,13.886352768883615,23.1379877042027,0.2508045215855223
1363.3811750908353,14.89341526053454,24.001923464182067,0.2986565944904848
1777.4478753240073,12.606137388054712,22.84485552212141,0.21692441373736648
1894.107819895879,13.134155872844058,25.85479991080614,0.29014920673830613
1483.8095239870588,13.284247482389969,22.36779934696079,0.22542835593017876
1544.9480710702157,14.18724113026674,25.98814692626676,0.2886595148703649
1968.4831577588868,13.7498490341639,24.42632541484278,0.20783583604361366
1640.5156974593522,14.086661509905046,23.22427169715622,0.2642181417925077
1547.1306072224709,14.871444801181278,21.77821331319084,0.20181996958612336
1710.901629584212,14.300738025379333,24.156831637131326,0.26908356031052505
1465.6640443685042,13.272987132888753,23.544716742678993,0.23708425902345717
1361.4405802204803,13.220985330195658,25.756210982954588,0.2632362808087871
1514.031665027866,14.673032065591741,23.617597311254837,0.21090667904498384
1409.7348243047813,12.735908451285182,22.33212501156267,0.23848266583574465
1418.7226391299157,13.585488854323295,25.77479421588867,0.29482473360130446
1667.9462796854625,14.64820542624769,24.551575637087968,0.20235576974855282
1654.0901737584384,13.914090350513515,26.051249176698228,0.29075204102969293
1902.600004866312,13.817366905036122,25.805487658286772,0.25198765856246563
1330.467160831223,14.242452718902063,21.67942331929571,0.2752049070683067
1410.3725599217069,13.097052305975252,26.3241113979439,0.24237163170227605
1407.4696794268405,15.04514232202733,24.708020644770922,0.20060231024433856
1340.0377545509882,12.669740791713272,26.118262122422152,0.2963778862415803
1963.5339423693404,13.346038448391198,23.136518422577034,0.2854115807409168
1797.6689633743547,13.462912200714547,22.294700107950796,0.2992022635786686
1532.2971816278662,14.271982884119888,23.83250551283675,0.24459702239342052
1358.266852413708,12.640176813231587,26.217169393882777,0.2952132809030004
1608.9098773425214,13.604804630101823,26.030618226212066,0.20027451168729388
1799.3305277297777,14.225704101681128,23.9780495615767,0.289505872730703
1571.9818608688402,14.292514598657137,24.887329613759743,0.27185963450585937
1514.9957444981803,14.640480626012776,23.839776410302314,0.22167164203254977
1754.9147203706113,12.51011360510963,23.51895073152881,0.24975399943758772
1419.5596232127048,13.224898724257049,24.82037529493872,0.2153603684137819
1498.2958762078722,13.350199060417442,24.664930559437753,0.27999892338546717
1407.8977380460192,14.0132340926728,25.795835856921133,0.2234071225191623
1535.0736049624807,14.78310894306403,25.859349116474547,0.24713717601329202
1542.373933246986,12.913012171518053,22.655556364201054,0.20171428845320882
1484.7763060817636,14.407042182716294,23.68677632928562,0.2513823374636492
1607.227856435367,14.510480527662681,24.673170823135752,0.23925321093803992
1726.2314293024774,13.94471152607916,25.242008499570566,0.20309971838101787
1335.6904060272234,12.708020909869449,24.025414294741182,0.25036578452976543
1349.8596061746975,13.176207021509876,21.6483395605009,0.2897417297473454
1974.8212971463026,12.510492529932353,23.067535106236598,0.24244447697718752
1948.4546797772825,13.631963745721327,24.154326466504394,0.22631968764448904
1809.4096010509325,14.876793993521012,24.7205250780411,0.27291251784926435
1631.0144591459105,13.89359051980718,24.910852261027934,0.2367561706676506
1392.0137165178785,14.194395215170434,22.532580706590736,0.21490337263180723
1718.4175235981493,13.27756803270469,23.959878724130355,0.28533875411604226
1754.4166763248852,15.233888745924444,22.522129393446825,0.20878375764407964
1831.9430343086078,14.43515216677802,22.015478411106166,0.248797276548268
1965.6156963244036,13.035753067392168,22.816049348281968,0.20804150745295497
1352.409832081998,14.338014452248519,21.677286418450343,0.2874780362475695
1825.6556378894086,15.276738087655096,25.763942211501256,0.21473988309538827
1716.638763651158,14.33741814177519,22.888778369039745,0.2661111560116081
1571.7620331259543,14.190334150584553,25.095120157303864,0.257376284895761
1483.6730499284558,14.874622749538938,22.52718851739211,0.24676513605281306
1455.320458479426,13.96646130162123,23.44509082963154,0.26752920081623355
1865.2735789155067,13.256506672062775,22.785269187931117,0.2608019380820305
1722.8679585920786,13.724132044667819,25.111879706160423,0.28340316885750916
1926.4585246329318,13.892008928768995,26.116214720348705,0.23282895974961296
1335.179699516338,14.859422794759215,24.70986043246817,0.2595506616226204
1960.526315593351,12.889019969951628,24.421390556416842,0.20068820464458145
1931.1151473177754,13.06041285685562,24.63531806210005,0.2159736314297222
1482.3864553776107,13.86401421942548,23.942928140482575,0.2273248871088339
1700.1831545780587,13.00915253524004,23.68890665427197,0.25213390091524407
1503.938962890064,15.27885765497925,25.27373853075225,0.28505215089609925
1553.288100802009,14.55158190527173,25.02212652605596,0.2577481105950991
1762.9811438486438,14.366006387340281,25.653306483753802,0.22360879357792365
1725.4648038358757,13.24593285243948,23.201791344000398,0.272341908975292
1582.9708065979366,13.099756523322872,22.517609827794335,0.29199593874844654
1330.0033632057523,14.946332307331366,22.11933623179661,0.2419456505446927
1407.2189406518526,12.619273264348372,25.427176604452015,0.239210619594688
1798.607856702487,13.978050578928126,25.469705993663393,0.23033121296904746
1346.5461380433253,13.175860984840474,21.720393628415618,0.204749854440343
1754.6170376576058,12.64201004999757,22.259386844978923,0.23682685671263498
1716.0132343564312,13.669714786781489,23.524942129005048,0.2196766502924035
1901.8107211923484,15.145869691513132,25.43595986027202,0.22489035651020686
1829.4143867307303,14.754795294535718,26.29633946326026,0.28924534138217484
1525.472419214712,15.235284743697504,24.17305889082982,0.2553890269355607
1790.566019492931,15.044415076540224,22.161942673380224,0.27901834586202345
1576.3584702965777,14.336684275026364,26.39628260228845,0.2481716254723568
1874.5631819519344,14.949720665827586,22.78076261674134,0.20531415611729636
1386.1934398636083,14.904065330232003,25.916070710188055,0.273787080139819
1462.836218348487,15.103080955858431,26.349927253419306,0.23855018727910615
1690.9814229205451,14.379785278636328,25.657486469752985,0.29453096353939373
1432.2796082792772,15.200686287435847,23.278811499049816,0.29591367871879165
1585.6465422019014,13.661681494323682,24.600096158971695,0.2606123080974797
1323.2566228245664,12.59228195216428,24.660127753050812,0.27160097540949113
1453.2969007948946,14.826208309000018,24.671433150866967,0.24872948125284955
1795.088096519737,14.603288888124958,25.09002540159537,0.264634730009108
1960.9254802493979,14.101638688989937,21.898639061102468,0.2353160003603526
1374.7037098478515,14.20549874179088,23.185162119703293,0.21593292064318234
1530.72829632218,15.14792741610425,23.53837268969063,0.2242090106028679
1323.3675199169345,12.614217522665522,22.375665632225427,0.20543586789497578
1790.8474436746378,13.46423255011279,23.13112638992017,0.2691013627344457
1405.1773274465645,14.970114251886196,21.73038751472769,0.2679577300093954
1835.728617030781,14.085267356048115,25.305210045029135,0.2144955069287108
1869.2811498237097,14.595406319015332,22.859385485940848,0.28487956647363843
1721.4446725719051,13.268665941803174,23.219228575033224,0.28229767665901384
1541.02057506712,14.082511614128732,23.654935871217084,0.2870664475924429
1481.8512040338678,13.740790439888608,23.353308976425424,0.24407773318642711
1958.0917273506197,15.048022372896002,22.497286678281334,0.2905073862331071
1975.0080032448973,14.523216340645039,22.943845871780717,0.2824104031668885
1698.7978042676455,14.99671953345762,24.91870767244661,0.21508764538309103
1667.7305852898328,14.677256068502547,23.755526174836568,0.2546368538722725
1845.8565085320838,14.093051779401225,22.834991123510374,0.2842765135513772
1676.569218193094,12.704311549947914,24.791651603962595,0.2657523686142699
1763.2355335262212,13.86567126513515,23.4139765912104,0.29201683128191036
1582.6839789661392,14.407550802506853,24.519664834065225,0.23756945557677453
1486.1894260704917,14.387120034768433,24.481783979279008,0.20850594686367813
1336.4864377295048,13.692830395115886,22.427590228969873,0.27487523440585837
1644.197569159241,12.535257563629811,26.05729644321476,0.294026347268008
1624.1790729052666,14.986294868934568,24.119259186100862,0.29520584588323645
1643.5723472266397,13.950929195360125,24.9993993055578,0.22751799812872958
1467.8058061699924,13.599027631104452,24.433069357227662,0.25598043911669693
1602.9950204851073,14.49225341557364,22.33619223660907,0.25682271752500463
1455.059043582213,15.219108511827182,24.26474315576388,0.26891519591376656
1892.1498014858453,15.18636904125321,25.2028701261179,0.2600929741840599
1965.572194221925,14.424700279637083,25.02093545155802,0.2714643829047925
1892.887096247517,14.832019122979105,24.90270396371864,0.22763993095499008
1655.5312784309997,13.459399345042748,24.081031843817183,0.28574347743350215
1598.8695281509818,13.198806671628068,22.737434705505265,0.24352543825355497
1797.133224970627,15.2547179086228,21.97040419035941,0.20085829769194125
1726.365489062606,12.667134787401174,22.976850024062873,0.2326874789929511
1793.8871030430423,12.579772254100984,26.327283975438583,0.22578889792115517
1800.0207262615827,14.011457351266072,21.91838827776257,0.23642421851079948
1423.8104524481616,14.972225083979746,22.97998077391929,0.2686854206944844
1562.0172667473785,12.958671193566644,24.18212988805808,0.24098582502356283
1719.5445089987463,13.301953240123655,25.99526582153148,0.27748852917697875
1447.9367621281908,13.634783752811886,22.853198605556717,0.28594002931044177
1698.2245507818,14.088176030453642,25.778077820538957,0.2799024595881085
1525.2370166111416,12.591214067989805,25.78459137460955,0.2837483274994392
1329.8001756932065,12.998127187632148,23.386514099550844,0.28913804348072636
1577.5911593628969,13.803680291222411,22.08960104748208,0.23630719782619958
1582.621770535574,15.084564196204818,24.621731891651162,0.20670993859043807
1659.6997255160138,12.79778818929998,25.53345485160265,0.280582930450237
1854.0115678528343,13.24505907324297,22.306738433017003,0.20566306685841484
1768.0955124867555,14.983055697952814,22.526172883369238,0.22885224685608288
1445.0749430225057,13.931196362443904,25.037554418768458,0.2304763565268941
1844.3725634812247,12.680291756824298,25.40657676504401,0.21375532817736093
1608.98315810404,14.580764265771887,24.178262569847885,0.29353391293206144
1401.014771390232,14.762233253700677,23.00803162748661,0.2651738624067416
1442.6308372862688,13.072782446526706,22.30473225473972,0.2882976009277332
1565.1450291015963,12.839903123953473,25.28318693426807,0.2573518044254063
1899.507099808886,13.006543262378853,22.18354202748915,0.22367680947376276
1916.8917306671638,12.886910783179994,22.25114143945939,0.2995590575415302
1442.1738910740623,14.690188500555514,25.96731656085175,0.2665398664235277
1541.0755680907196,13.230599451480396,25.163903122214382,0.2558188795982157
1592.0430906951574,13.265644125354722,25.51122797195208,0.2783934795207831
1608.1694453164043,13.98814539914429,22.068019748633,0.23836949933606005
1367.9001621907732,14.893688170845811,25.670400173770492,0.21360176394026437
1496.1624401445229,13.071343891178703,23.503146942746486,0.26516236270110266
1784.7684518993833,13.24489308787686,22.93768165789268,0.26625480017187914
1683.5162541583509,15.207916310699478,25.02564024148676,0.22224791606617234
1507.7327529942452,14.333232728869673,24.9203016282297,0.2599036742179773
1395.5277291234765,13.893176246917271,25.797444825705163,0.29186915985478656
1738.953254404052,13.544399149311245,24.82959453138827,0.2800554862548368
1888.5452516227529,13.968627193568528,22.217394937526965,0.28689760995380426
1857.2181362200456,14.643737656663907,25.55462384442478,0.21034830516098993
1956.6721353524267,14.218635719646768,26.124046130353268,0.2862701756980812
1466.5201432126044,13.073437720633425,22.169464920371674,0.2824293228829803
1393.6304295030504,15.06562496242006,23.430097554238174,0.2197077671409545
1932.6191609367067,14.346736973325143,24.69266953585574,0.2721082367893168
1629.1579977047886,13.604468946384358,23.63976272443878,0.2510829785636996
1729.8023452824605,13.616277730472582,22.84947787196578,0.2858737468836248
1584.5823030567742,14.73149469922459,25.88619025799942,0.25593715289588087
1709.8463058780917,13.7757073947559,24.95651091178878,0.20410611078109467
1440.7459802121036,13.38828041183403,26.222899346011047,0.24322266878858048
1742.2326414801591,15.131957643492592,25.884352392723905,0.2603171777992084
1405.4869939891964,14.429731400753704,25.093677546133076,0.21035967067885014
1679.4746752576923,14.114505072445132,25.94852737638092,0.22607542812783357
1884.504236832094,13.959783089628962,26.13368607872805,0.2746904816258939
1721.6804914303802,12.874595707664115,22.660665499331905,0.24458642918005527
1805.752268511431,14.244544723760518,24.121602078666395,0.23086529981784282
1421.5152780246215,14.183152276696584,23.476168543441062,0.2731602561219832
1956.4611173160802,15.078361116569551,23.288080942752188,0.2587968975851952
1675.9639174116771,13.641863326781326,26.08744411398169,0.22655238799916272
1573.049473698249,13.006589824649089,25.501731498048148,0.24076734835283303
1513.8292395732283,14.725202864107075,24.92583871060847,0.2066475185710252
1426.5548265148784,13.588874946738862,23.58354058671335,0.2832998529718318
1890.9165831419941,14.102589374308662,23.278954006256914,0.25060141772698297
1647.6524244165903,13.223927638064966,21.6856178932824,0.2271358150701184
1925.5146924497428,12.598336137064921,24.301750411890904,0.24838743014328502
1626.902290844306,13.035537772158689,23.830906087043648,0.20365584457057553
1377.9945307271141,12.729788804350742,25.751448090621505,0.2997709889388626
1502.0365382363486,12.878974259089068,22.855496057440515,0.24680067434819913
1510.1252312225622,13.644066035845327,23.11457844906011,0.22566187396063292
1696.1916044759512,14.828262990740997,24.50227586097633,0.24509298464965962
1613.0497320525078,12.831372529229498,25.582967464819955,0.2125089131715935
1583.672356317713,14.986845845436886,22.594234123460502,0.22012526932942833
1865.911866520689,14.656157800360353,25.61522517927986,0.2859246422220384
1562.4312043072514,14.794837807636776,23.70934504732673,0.275186891354812
1419.831438615372,13.545167173571738,24.08260163777624,0.2960705386009544
1423.1483492492284,14.575663260792714,24.425133350568775,0.285836047230392
1759.6284006694516,13.68219168034879,21.61337788768626,0.29725870095199064
1973.373092745921,14.296830439026897,23.430302549649536,0.22675898888694299
1585.3430434472025,14.097605404044096,25.136432227889017,0.24108118593643738
1368.423957910742,14.460900761419493,26.117657163038952,0.22778177906236413
1376.5707418992167,13.177421930629936,22.021111102452796,0.2241676887550849
1328.3435585580053,14.33978802929434,24.75523012496699,0.21944246569248937
1439.2454469061604,14.013112803170742,21.91812206558002,0.2347650923030754
1561.3099501565162,13.003832900380834,21.737949678264872,0.21582481971961776
1715.3326779110475,13.253834879092599,21.816789336103863,0.2704523132792089
1844.0311386601682,14.573049552668444,24.473921622312282,0.25379709102650067
1560.8024579687155,14.241888914422717,23.43051755306229,0.20905313237686404
1699.0657517160737,14.578460228626595,22.107271737887444,0.23009166901725114
1633.8192448091536,13.143278552752548,21.61523957658352,0.2921823305099268
1393.3880520915384,15.110981230855524,22.676910333035813,0.2272029637067975
1440.3963842232204,12.991985500552296,21.66971929004,0.27192832534947503
1625.127243596459,14.110773554198973,22.801540888295683,0.290550732177713
1507.4857827125204,14.1025205058652,22.756585668211823,0.21206244322212575
1404.5318010285466,14.688823334114744,21.881022346373197,0.22173896633949028
1349.9754298773069,13.771714273375027,24.270964073163388,0.2127168797330684
1951.822145766732,14.783532806392106,25.7490453174647,0.2632775587872785
1329.7454064242684,15.00246392327814,22.750455435116436,0.2787340531188884
1603.7243570691844,14.655046964986123,21.754168628489264,0.2602888294819811
1431.7923082714515,14.90335365843389,26.320839764134416,0.24564043609084382
1883.3038392512437,14.179289158743833,23.174719697381267,0.23518480800170563
1488.679321502447,12.814075516232455,22.561303681576153,0.22857158161997593
1683.1044812794773,14.157590839057878,22.465519362730966,0.24144265911920398
1781.2728403443466,15.148955345029712,23.220114169215815,0.25251122041104157
1857.1015892120347,13.965119619678688,23.84904512444032,0.2230823886893112
1896.204464120622,14.284029189249805,22.59330755685304,0.25862402631416465
1431.514481966924,13.899531423978411,21.64851047110553,0.29999153895970243
1930.524468748196,12.746479714710752,23.77163839742848,0.24915421196262819
1336.9665099779895,14.479433523886822,24.340160819008396,0.29053656180984017
1329.5446617327902,14.171030106505501,22.453186749885962,0.2645950763981532
1686.369586758033,12.955651073660164,25.615870931174133,0.23167088711399347
1896.970688241781,14.859482309254757,24.252144682301484,0.23930366507480713
1946.8087979895847,14.428319158742779,25.62853360987369,0.2670822397451288
1962.2789894331147,14.906589123410823,21.817625567503004,0.26044591950813817
1520.127518778418,14.008779193972945,25.31568183994194,0.2628264024498426
1973.677189728292,14.036237416861528,21.851346847280166,0.29696921994485553
1912.4569017884728,15.18397843076663,22.344180004164706,0.20713838293513673
1711.4994356688067,14.612028884625955,25.829291678827545,0.2304256272804048
1926.4014517826404,14.912568119660124,26.32603968953366,0.28442938873895623
1835.8924612167016,14.965304513399353,25.129838666835756,0.26966574506602736
1500.549768994056,14.744586158519633,24.433691709346046,0.2167440044026648
1572.8657649347717,14.934377402457972,23.65445744250341,0.22036845728725765
1960.5550779039118,12.57308759397939,24.557077669248862,0.22847937696374088
1867.1225073292815,15.259870286234602,22.58896401454342,0.20336851105877726
1937.103097428644,13.37812010497515,24.849755536619394,0.28877507426503984
1855.958315510037,12.60414672717669,21.90353946536439,0.25279416509445696
1453.9253916815815,12.606333998351936,22.272579732057594,0.2958187413720959
1361.7803828602155,15.092596611649268,25.20934879781057,0.23308295378349306
1861.1016393149787,12.855481099471687,23.09300097423713,0.2430299320284387
1900.4535321028077,14.123292820904144,24.147487304981727,0.21666869771334918
1946.596187290526,14.252896570710451,22.166749135328633,0.26472645990097343
1427.4101669708891,13.777815975680985,25.005272437757732,0.20469598739736355
1783.4968671094248,14.748076882218996,25.1263652910078,0.29376177252947117
1967.1379174543251,14.184260887047609,22.10054379751876,0.2767624803327335
1485.9471414338575,13.353770305046234,24.842524749101738,0.269193363076603
1898.9050111450406,14.922921950652887,23.818435837816576,0.22519735030884666
1441.4985786094712,14.761311346956864,22.652659629169104,0.25462567806387365
1373.8130066782087,12.730426226932288,22.010894969334434,0.27024139099359484
1958.5471224517873,13.114710373988803,22.71401242661051,0.2957169176383605
1614.2883290103284,13.946621557488506,24.372954448971125,0.28976677245309423
1487.6542238032732,14.228995360116075,22.518527302967964,0.21273777942783606
1329.0234315820019,14.744894698782602,24.958524681710475,0.2883928907629188
1834.3515703403214,14.789336303843076,22.071157390547054,0.21375618372660254
1581.5028402086532,14.185940619202439,24.71492418046832,0.2791169007251023
1843.2945529812155,14.288843885997064,22.60056636568875,0.23777284257940393
1602.9130937097339,13.502226417311638,24.13553834903602,0.24707381183083585
1450.86199496073,12.624489262898821,22.585431815503856,0.2318958226210425
1327.708625334099,14.625276382068323,24.70374116429105,0.2950870578429781
1501.03524692851,13.469653118864745,24.71115843676711,0.29197732879226235
1386.7569215380759,12.690877856359513,24.838297863726044,0.2930842318914422
1843.4215885838373,13.222759713997885,23.723459984631578,0.24866832618476528
1563.789250508318,15.108338005210337,22.938819028161227,0.2604020854245177
1918.6457340608183,12.62537381800705,21.879188797500124,0.23705089288590434
1718.328236556891,13.041524884842996,24.059674799427697,0.2557317672414222
1631.9834027105687,13.81639592250363,24.795687497138836,0.21110654654596672
1374.8348260804123,13.654863794352531,23.9816593800333,0.2743488532900686
1335.0354648234259,13.125153636763756,25.106705539851013,0.2760238666319795
1331.8459596856528,14.30495382171685,26.05652567404682,0.28875641389824236
1557.7154879935104,14.220214348409412,26.18022153866357,0.25966881672083897
1730.8097985049694,12.889023608110874,26.226903174540453,0.26465803700419405
1746.606363703357,12.708457913250099,23.427947419725616,0.23688336610731234
1696.7085627827898,13.789567989213898,21.852451556736305,0.2685585953854661
1965.8436175072443,13.114862191111074,22.73094652730994,0.21159194086025318
1454.8140524845032,13.998238399499934,22.56643416319215,0.25217459533731734
1965.0957496147673,13.820152504551489,24.240382400152846,0.24107971164866374
1707.31889839091,14.343732968253573,25.150924089421284,0.26623812194718127
1846.177646777158,13.374883197382918,24.250084467203106,0.2742035755557734
1397.495551224523,14.251892787965874,24.721888401968926,0.20603202164661744
1730.6646737721874,15.24686315095579,24.706033477150264,0.2731372392804277
1372.129668082169,15.185047013762565,24.328564857473527,0.21407419427664232
1951.2163465665767,14.75325485588632,26.25690745659219,0.2644264398693389
1654.2921984954512,13.543733791784122,24.402671234222232,0.2610166516081719
1633.432753171383,14.01411114349181,26.120934106403062,0.26257021891490806
1973.4896611508339,14.938990893647517,22.94384374007993,0.29102464115651555
1557.1043914510424,13.058500966890652,21.926872635604152,0.25397966826771157
1675.3940252123261,14.356706501502442,25.144221387867034,0.24641657448887758
1837.1269547132104,13.966355034423561,23.270395833259396,0.21622127897470192
1402.3335825451857,13.649690894871489,21.65280029855486,0.21503500977866843
1431.1178120235243,14.108875080353036,25.328478604717695,0.29581523529686016
1386.8971209114832,13.837927602742438,24.404236498663142,0.23824434057269242
1518.508536618461,14.00711101950635,23.35782319946736,0.24636253020362708
1690.0090320495663,13.524890280979246,24.79261557254933,0.21734374915890528
1652.2261620044496,13.563467906107348,25.86891886111048,0.2556923892840482
1929.7739801265147,14.966342933773243,25.52757568497185,0.22054541767971536
1895.485694689385,13.782077457450185,22.992878357032573,0.264474278031098
1411.4472996044678,14.137659169680154,24.36514042716236,0.24114141583744234
1966.750589727914,14.93761247434569,23.814484001998476,0.21751880818921007
1741.06487815891,13.479070196133074,22.656129352770957,0.26115722961872
1692.1592394530878,13.452072195398081,24.84211436350063,0.271352088541902
1664.252471042587,13.078444566529493,24.52876377900822,0.20001717108021017
1876.4463910435234,12.537814848467658,21.883707913838503,0.28378418722747767
1656.6052043735754,14.935773098978618,22.025239037493304,0.23883734379126378
1813.7387721293278,13.438856741483825,23.96802757375587,0.20967080754714001
1860.4591859964867,14.614664855285373,24.553475731364557,0.2365050044122455
1548.7563806790697,14.86237825373184,24.242434128255592,0.22528652048831083
1360.476635147901,15.273563766771305,25.070021936827114,0.21709324380873943
1663.8715215680827,13.55715543357228,24.16069227413218,0.25208334821127676
1333.805560730258,14.119405179350506,21.81058964232924,0.2653254571474762
1919.436021908957,12.74165352361282,22.11729977824151,0.210423207315991
1575.3719415188036,13.570882790172144,23.60153435026227,0.24223743747108586
1404.6145239538157,13.476909851372818,25.039051506033264,0.23901981902913932
1854.7659906566523,13.186068658112722,24.026584843083285,0.2681084969087285
1765.1780745032966,14.76486525113986,22.429604925775802,0.2239414101923644
1615.213685372105,14.090829973715561,24.975805249320636,0.22685543414382353
1720.3782229890219,15.018210328399883,22.400181649120842,0.23113874212015742
1393.1119213939016,13.566755464644741,24.24061350217131,0.2594822250125774
1587.3268950641043,13.700117016137098,23.1813630454688,0.29137837987459203
1635.1724360547712,13.351347658942954,24.709730818434455,0.24609885233648096
1817.988560674049,12.704408111475734,23.67887384935314,0.2918611742919205
1641.4943606880981,15.222982805652691,26.265812813055575,0.21791708985623873
1806.1910259805543,14.134069590062639,22.65041361744571,0.2808351232458562
1342.1687583556584,12.74464050361544,23.059116220597918,0.2870927080632567
1811.2805790201817,14.031512617381887,21.633646861403005,0.23770894839429796
1783.1485203578002,12.863904771384389,24.423799742225114,0.2759051520176191
1926.359006169045,12.840964663978935,24.288702473082527,0.24533720237416576
1504.0834921922055,14.86589207793725,26.270781099183004,0.21723270681660656
1500.4061919143812,13.244441333897411,24.04792220382772,0.28670584760530005
1583.1879557684392,13.774931773395606,23.533670406883658,0.23886995981105175
1952.104997726821,14.125505447817272,22.734960613661816,0.2923115964978881
1365.0295421508386,12.79681975566085,25.35289687558962,0.27723921871147617
1469.2514156957566,12.829306020885433,25.61619003119832,0.22799537910605852
1838.4670146188437,14.856235692640164,23.757884663533893,0.24032861112199969
1482.2641982597358,15.024236690297753,23.08593079487208,0.25347326409840987
1782.6002645920216,14.20716095476875,24.806949854104538,0.24836232731529068
1353.4648896452024,14.46112267373525,26.333595322329163,0.21031458395165736
1752.7696528418305,13.249079018283568,24.419629896255035,0.21186116279002234
1500.4478344467916,14.034038339895496,22.465063469946998,0.26475847797291424
1347.8644900084419,14.081887382669791,23.02988009554707,0.2770583094173307
1653.7410764444546,14.341078624143258,23.45431656283378,0.20888763103902108
1736.204030714211,14.390023257442534,22.560825364812167,0.26343878370458845
1657.9029304704923,14.304592911217014,25.46173100851499,0.2605014748424619
1523.6474922870582,14.583326972867619,24.24373698382362,0.2872924486403541
1884.4873575903143,14.96307118598866,25.410870750350867,0.2353482406091959
1352.2919115731322,14.218119864956863,22.643903642028008,0.2726083203355488
1433.2055677289693,12.866829355658219,23.164329134418036,0.24189116726136864
1439.7865933619958,12.933835630739114,22.186333474932706,0.263752961680541
1639.2473611268933,14.802194541865678,21.890919411930877,0.22400511676354834
1400.2415300422135,14.414086744249767,22.64509721532615,0.2164606800534661
1737.6921464571178,14.915727445957403,26.244882997661982,0.2226486866927227
1668.4179617108105,13.960622371773693,21.79227786941091,0.2169807402416142
1931.474941785661,13.194855159775052,24.637882161210893,0.20213175750422835
1518.1927065641726,13.944728566867273,23.523020638735087,0.26328267247133036
1651.1161603941505,13.276516246955483,26.336849673122114,0.20912458043316395
1650.140474713416,14.820409059331126,22.769373797940936,0.22426836181489787
1827.505286626533,15.276586423314987,25.504797516935,0.25238633610170413
1781.176656765755,12.694974235290795,25.702043759904466,0.26805589181493844
1600.583346920301,15.192383247365816,23.896967136046936,0.20527358702095538
1661.2044331894035,12.771974004114936,25.844886945643292,0.24576900219440687
1783.2601676789552,13.386319654955198,23.263302876345993,0.20074057647609167
1884.7321367737793,15.134814371779541,24.019413965541027,0.24913612118606443
1775.1018640040043,13.852372570594463,25.497021570136216,0.2607309597226568
1690.8227619705594,15.07894233128964,22.103936813172083,0.27283927955047416
1871.9204414115904,14.666855835624926,25.680285744283793,0.2453513255100484
1616.0395145118637,15.123071866984612,25.890335228349954,0.26952955476508056
1793.3529495372597,13.417590354434365,25.184942935736654,0.20213777115165713
1389.2603512783214,13.677305925607827,25.1246766898591,0.20096718050866655
1861.2588212681244,13.685035368050192,26.19539742376914,0.2800724003766763
1329.1337225293257,15.225716857858208,25.514299630316813,0.248188951824723
1625.1912159557637,13.763342810510313,23.97108888107216,0.2892215004153283
1542.2023291525607,14.18096745770401,25.33738411736751,0.27764427106436085
1403.6375232610385,14.464824430332161,23.60430164710332,0.2955986489951747
1776.8308914714908,12.96071485171608,22.236395412662407,0.21733990553648974
1646.5900720775123,12.895327075099635,22.09005882463714,0.21782015318678288
1575.8125040541995,15.062246926636986,25.254834249082958,0.2235821694248958
1862.7042718770574,14.989212388757547,24.72638114443522,0.2725509347840402
1480.0604188201257,13.129389108196587,23.50184676691042,0.2073580971696047
1724.663118794462,13.663744080298928,22.806773675862633,0.2737936692545697
1603.9770023054607,14.46758584885288,26.13760129093929,0.2452292271319227
1863.001033226836,12.901167638812433,23.356336438532452,0.2787803638489692
1460.9997714434483,14.540900827168308,23.20731875744279,0.27497107193784665
1847.97625434271,12.620535292979797,25.36102633951948,0.2821439592403869
1884.1806303985315,12.557472806202588,23.51631198486085,0.27284954498079733
1619.762053436839,12.780528558719556,23.920399908481215,0.22011300090125024
1421.389993347669,15.205631201257134,22.716486340374104,0.270164729613625
1629.747478055768,13.752944126011394,22.15877070699812,0.26000810746805947
1660.9508610229848,12.649245042977276,24.65622464713987,0.2213219701703413
1864.0481012722944,13.826094290919885,25.469234085925486,0.22519693472670363
1773.8210710592648,13.929913463800675,23.67942831283001,0.27124063238436913
1961.6217378990618,12.737463114070152,25.809252279076638,0.23441551016719503
1392.3553680874895,13.965723989320347,25.91867450998663,0.2643554857324436
1936.1878780076854,13.979190821279127,23.323098689624555,0.20911094711243738
1551.3679962722344,13.61794050611062,25.64097747754774,0.2129007433526415
1477.5385120542985,15.259206419411385,25.467524815315794,0.2823467081041159
1713.306267279564,14.967114349649611,25.679121808661193,0.24586237543341416
1825.6125767481815,13.645051905352771,25.25175850496225,0.28102549242559227
1939.0933850942693,14.284127010150542,26.33704351620107,0.25615738594582477
1383.0929105507003,13.028930707452053,21.816613614948512,0.2971907729451031
1750.784958012109,15.025318771275371,22.485039471547342,0.22364697683153983
1486.5310762285533,15.051970597375615,21.74717507345716,0.27015029689436554
1772.4580731194794,12.693292863460712,26.39821787167002,0.2954805671751586
1970.0158859074445,13.118169299620273,24.870141863590113,0.27765663653546174
1369.8659646759002,12.735108061165828,22.344202514952876,0.24909578194664445
1775.5727145171675,13.11469292182514,22.897043161086742,0.2541163127082791
1712.169092851751,14.808669667429559,24.09025646095568,0.2312845739760086
1702.4707949065207,12.82867420099186,22.930492481433713,0.27890050549645956
1575.0714328968218,12.768106720699967,24.64286736769368,0.28390057158778564
1510.3651333451444,14.634994151411714,24.96393857021428,0.24481482789090464
1778.9701586350664,13.492360300491104,23.848604522900796,0.2534948121111455
1786.97476655469,12.866449738510711,25.681318469514448,0.22393829611678379
1851.9233904601624,13.774217366160446,22.72581917030963,0.21530486921836403
1916.7624395662613,14.381842665946731,23.67443092290406,0.2783374755253536
1536.4773080296015,12.959138049603759,22.043581696062,0.2428444423050687
1771.7318572198606,14.794008668768955,26.227189623258912,0.28147197324956186
1432.4508248027182,14.997638612045696,25.255118056300354,0.24212036256232064
1838.8453847238916,13.4404942644048,26.247495407336665,0.20855785893527135
1682.2170955255983,14.872199977314931,24.341775539704503,0.2421649556054642
1887.4737410488635,14.55551309198599,22.308264229342015,0.22060915035928805
1752.4723981025857,13.345878845306316,25.688621978925113,0.2586287282651341
1627.0435090817696,12.602386534217741,22.371195275095957,0.2231819160838207
1979.9666672962933,13.207552444262173,22.23143202695578,0.2640479702506172
1865.4172139892719,13.55100159795686,22.445538860791356,0.293071744113245
1326.0918745238068,12.948698483984359,22.859408937892297,0.21987442003717297
1914.91543322981,13.3702598840863,26.385648841691896,0.23295042140972222
1428.9787858514026,12.5538950177888,25.09751803036119,0.28982791019122006
1390.2045651656933,13.129373982026065,21.85892211466449,0.24427656075943752
1779.9448409130457,15.09453914690205,22.302435405486275,0.21389581877073213
1623.5038248712215,13.09464479568752,25.81278312549723,0.2266009573000829
1525.2489761595916,14.439650545493839,26.315224304198797,0.26478322478180194
1678.3983668642873,12.852899197206016,23.014713071296335,0.24709007484272258
1670.7606477800568,13.010556481600155,24.281487183974733,0.2681358174648651
1804.00970811012,14.392396117622784,24.094552863888993,0.2962086460376406
1621.5287001869422,14.120991789916244,23.983732042797648,0.24830803694404122
1857.160037597993,13.234170720081966,26.184312470574692,0.2144006886968054
1672.191137298396,12.628669178376803,22.540508753490577,0.2748383424479175
1704.5542776436334,12.956350882233425,21.658379765488966,0.2796821903408001
1831.6327881348188,13.276550709126106,24.605063765249767,0.261309053151567
1531.585247504462,14.721572598075873,22.13321361328831,0.21327028706341652
1789.6856891452262,15.03940042306644,25.521707013851508,0.22736637005622518
1799.1262174511999,13.475793213346805,23.385407334155985,0.2986580456464319
1920.4854654988633,12.731178636704723,23.129184218427515,0.2973623099146021
1456.1363508182108,12.504786534000674,22.097383301900404,0.2749112761333741
1916.325795008612,13.937817136488773,24.603384293910292,0.2895180300669031
1468.7389516524609,12.978058188707989,23.61897942558017,0.2239091914661664
1328.0189889108922,12.923107416529305,22.038123271436252,0.29252061630582793
1955.8220504379906,14.824536113541624,22.649166504821586,0.21445925483182365
1507.8839835905494,13.648619940994452,24.69306703834989,0.24629897628361191
1452.087115385064,13.301400418630248,21.913267595095913,0.28761394543913404
1643.8611402360793,14.85091380522307,22.3758657346523,0.2745130045722225
1614.932589646907,13.680474690422674,24.891469374301195,0.2811702243448412
1750.195329446013,14.065960235723082,24.04727253352358,0.20244308635547956
1792.035303990465,15.25548728155678,24.82987414205543,0.27484070343423866
1603.3486675081208,14.63022473718293,26.024565567505103,0.2086537087189458
1709.0495330766232,13.67031970461972,22.848928215931736,0.29849820905981406
1639.9367830925937,14.644723053692381,23.0125827829946,0.2693464678512401
1768.5677918326119,14.80087271911243,25.499882807703795,0.2210958874018367
1633.1504079632514,14.49764917730909,24.538195821505454,0.22372971566366423
1886.633712035059,13.105873466335016,25.092366771711266,0.23770886646152278
1603.2594350199513,13.001801150733549,26.342619167787547,0.21759599950762212
1729.6284721795755,14.046518948277779,25.486327749754462,0.2122660365956613
1466.8355709421603,13.873741007437678,24.176866828473663,0.24720945140812975
1898.2938027745254,14.938695954536344,22.77539083645969,0.22643325768410846
1825.1207564178114,14.842308758141373,26.046885203857126,0.20367150329414374
1363.1952953196462,14.231480242403407,24.98205774453188,0.28871418829179896
1520.1054472445644,13.067468151917751,25.525416592645573,0.2746205943951442
1871.6565215619842,12.742246092168095,24.839329531289298,0.2835093889501424
1615.0891429011199,14.033733218021824,22.857408531185385,0.2620053237657712
1969.598547470501,14.790743043595162,25.50423676637282,0.296395206888415
1463.103210963083,15.215368839091491,24.584064793479175,0.2219276062412844
1483.7806624874727,13.272306739014525,24.233295679840044,0.28390291788810906
1706.945394512115,13.633205575081181,24.547452580035866,0.23762956004298202
1379.5556791426318,12.775862368135698,22.426073927125604,0.2648739999286262
1435.0248883037202,13.197383924663576,24.03712090034126,0.20832020441346621
1801.8836848085925,13.81970790165947,22.936371744013805,0.28016654781382555
1872.225429091972,12.835706040241332,26.00128393397914,0.24124702754188299
1830.3048718342686,14.81658230602883,23.395688714866516,0.2987734120127228
1536.4421444065174,13.68627870015924,22.87292297350397,0.21710206532367313
1663.3941859306308,12.724683075398598,24.20320079976171,0.2686377575167954
1502.5340407493175,14.136370410353832,25.707318521678097,0.28558059629142823
1773.3591385449606,12.704590527577917,23.5753074468545,0.295918594500103
1730.0918621339001,14.679442905544992,25.786973577007036,0.27222909950718377
1812.8019990856892,14.220718287137089,24.678544191189953,0.28585695702695185
1673.014568381736,13.876044256719416,24.102952352490735,0.28465179838467
1458.906245996323,12.765063083956539,22.694724138132862,0.2410745609576725
1779.4092759595508,13.051749035656345,24.5208930662883,0.2737158893475303
1862.7122795861721,14.639540638250041,22.60213679680611,0.28182683476581066
1639.7874900584764,13.440584317733233,22.203845393237835,0.2507725295392944
1943.216534452097,12.914910992241403,22.238809801578928,0.29190297768082063
1822.381587897292,13.275060424251107,25.010701084929906,0.2133707481596052
1598.5883130496527,14.034649935792418,24.471529382094197,0.2739170036593216
1928.022562653517,13.324186410717521,22.165037024695938,0.22693013289157263
1921.4714376716915,13.66929878089792,25.33592937490405,0.2087724457488922
1601.5375598610233,13.081117071549238,23.191572162230234,0.21282984926203077
1939.4328058725598,12.676970299504042,26.03980343471806,0.21160999086154425
1894.3585400781913,12.66790491473055,23.344267651085147,0.2814641702188535
1321.159787494624,12.648905264899815,22.466213271712395,0.22056903765959476
1571.8774464535295,13.92769633711286,23.098085169675638,0.21916821713370843
1699.7900152419004,14.267917525291713,22.988353494053786,0.26295802968257426
1479.165725051789,13.648479118303428,25.066751145169686,0.29496166835699283
1752.1893254625759,13.30779559240556,24.04887844608873,0.270816005728767
1826.1998578033865,14.947826794688266,25.982221950372736,0.2103473004018278
1556.7579198133376,12.915539773191881,25.467588402608357,0.25143812839370694
1325.1881738364996,15.219028714170324,25.871121016795914,0.22987700149558943
1672.1307071234048,15.146727159478099,25.687100220406332,0.28228486313796525
1834.7148457393496,13.094800776427226,24.861361968843244,0.26081249715850446
1683.1376404109765,13.11492746241282,25.662495513642813,0.2976495646477251
1929.26679911996,15.209806684398652,23.755934675476574,0.21767538893275878
1726.9546406029795,14.102169259625889,26.06762492527918,0.2935346649623005
1817.39805368806,15.198499478925115,21.968962939878427,0.2882033284022044
1772.9332000072195,13.525167855719586,25.566108175813106,0.2875162834293017
1622.843212316214,14.95134064359731,24.616220884176542,0.2740853102829549
1743.1860374641226,14.811923380548247,24.003094955139247,0.21619784866041697
1419.1770572711628,14.511540211933099,22.09775976612186,0.2719181106509698
1325.0745371796966,13.025596584883107,25.26991036134112,0.2964863762246071
1925.2059410947945,14.207649486352457,23.109837233640416,0.21099346283363235
1812.326622275049,15.169566426553375,25.51756968649239,0.24930324021797684
1880.9911848249637,13.290670526370263,22.652487436540866,0.23037857454594574
1760.0503118032877,12.939659886442799,25.821092438923902,0.2236425787574281
1691.8258793116454,12.648571055889342,23.594953893115367,0.2371588789224075
1486.8022716261873,15.088148758209144,23.96854494032055,0.2779485433604963
1823.8999882085895,14.355138225862115,26.144803369564684,0.2538121109928928
1813.3844866468605,13.330555264379289,23.86031533883575,0.21714881610298503
1339.081651959624,14.732158571303453,23.989821105595553,0.24777807486974918
1732.3528855284515,15.27885691187699,23.957725448475287,0.21109943709133072
1836.3205525789458,13.374114495470495,25.55148937448915,0.29390865858073917
1490.9588012992876,12.724146911676192,22.640944860271603,0.2206932298952434
1715.0236699438435,13.324101543350928,25.23092258212216,0.21300339839931945
1823.310486229491,14.318193170558246,24.475886967133594,0.2976791030525752
1927.2341718661203,15.131953014727666,23.284887138181247,0.26915954630441374
1637.5912433482338,12.979963448611324,22.200104648178154,0.2583049045891631
1501.2378759291876,13.1504105224028,23.389064610584533,0.2732611375161364
1532.8161223063632,13.868761148553977,24.427612185911887,0.21191951684839083
1812.4683898238395,15.26991774897415,23.530359432621534,0.2951632476603473
1572.223607270753,13.497970970757567,25.14902887783442,0.24338143641054924
1938.7782207766093,12.649618600269132,25.423060149972475,0.2609877831437147
1392.5643363531133,12.762558489533248,24.16113307650959,0.2372104865533892
1856.3281322052292,14.437265061324009,21.864776349234504,0.24094579811792521
1846.0648719855665,15.215618585494857,25.83687160153936,0.29988285148467075
1532.6433700392188,12.53356778018138,25.500357107636226,0.2733489978377075
1846.6371064438042,13.809376958585226,25.673282047190973,0.2873056278214409
1372.3197013238002,14.061501446311357,25.40083382124122,0.25013482478956445
1611.8913432991926,13.394273641099677,24.273915342140675,0.2160104215897685
1446.0992593486992,14.911920258451142,25.929724908550398,0.2329734089885683
1663.6989682225349,14.843427016527675,22.096915610781643,0.23947918535609264
1723.1610558345426,13.132628372281724,24.61581267075716,0.2502870440729452
1837.8163647930198,14.699419450270879,24.24446574137224,0.24382540824490886
1787.9259609610783,14.045527099253082,24.06831748450848,0.2765168055242949
1913.5673772091473,13.619191858098665,23.65058639973537,0.2429098132739941
1941.5487852752697,14.628111175514452,21.84581389558224,0.2702702481859442
1771.718958196254,14.734097104894992,23.277845225284594,0.22218202814409027
1754.6029361335093,14.014500086566317,26.382013317169164,0.23804828735467157
1432.7347852454527,13.49534518312937,25.02550650601701,0.29802384700112017
1887.346754967649,12.857069901932624,23.54472784802754,0.22687720707833642
1549.1332813163892,15.127275143005477,22.997729831610823,0.22110419718582194
1768.2659636738697,14.014184979325346,22.20203145166404,0.24598932180132715
1362.6463958853465,13.75342577414676,24.114920656307884,0.24761264039151268
1855.208157814468,15.09297387129109,24.825578936863252,0.254878736939779
1519.7014864714859,13.917907962656795,22.701411675811574,0.25439777737088687
1844.6335697787674,14.861525026045333,25.873080443749895,0.2757089080122163
1664.2265183150885,12.589279398901152,25.997764758719985,0.22030033326735224
1574.7296228824864,12.54906456851587,23.749874610819546,0.23699436224931628
1772.5626511156195,15.0519937637866,26.145964313559347,0.29485537735533923
1511.1500325042007,12.911535195416336,25.46437239684093,0.2932450601155087
1382.2542848180726,15.045854868068087,24.42949825615859,0.21778904849651107
1535.3255573695926,15.020797908111,23.847343594287306,0.21768456010133314
1761.9883021139792,14.884130697511983,24.44390698966717,0.23192949320860906
1767.2522624364503,14.198096758599972,23.591177344293683,0.28059095762800107
1535.6492142124916,13.52512793802312,23.68684145374413,0.2188269848398995
1794.5856196646473,14.587803979984587,24.0045005813899,0.25884514582382673
1839.6477149529144,13.986195976536454,25.475325840434778,0.27060576196295605
1367.475637615439,14.973593099965509,24.585962871271082,0.26160742311836577
1599.9798197360997,12.810947445992714,26.30279046026667,0.2387626492748604
1717.9592191891008,14.369668751487906,21.881602250423814,0.2326960621685287
1688.5346172019345,13.323728676966102,25.81360862922092,0.22507561421215777
1849.966500381468,13.78710767457676,23.57942326646423,0.22257583042944967
1637.1308640226175,12.624765262495286,21.638434313901648,0.25797235371300753
1691.9084042076631,14.230111845889905,23.15896027097241,0.23352188760635567
1934.2031104457599,14.652188553345244,23.548344861977085,0.2666679244710631
1499.8627224226495,12.535838798491401,22.645777773216572,0.2779549251427146
1692.0764406735104,13.680637685838063,21.98723357755893,0.20216386297532193
1469.9838743760554,12.581077482958348,24.81887658309052,0.22936957966519717
1650.5245793960657,12.850446919673066,25.390533055408568,0.2138639329593342
1700.7313618694373,13.361551633458738,23.641814389843944,0.2189909489724776
1340.7082427492505,14.042850634421878,24.736525069168053,0.26693266518915004
1393.1708803894467,14.382558972800505,22.195117063814457,0.2413105966326722
1447.3891056786288,14.188585249648796,23.32935773159929,0.24075997668124435
1862.5662990830813,13.300572117339,24.083016273054124,0.2327804518581272
1665.243455774583,13.975432625992493,25.387232561229993,0.2843662184146083
1376.1266470598373,14.56361390654784,25.20579949397419,0.25044445848166264
1539.4873793629986,12.836362735856655,23.30471894769223,0.258076926838341
1577.2950217603639,13.320481758337316,21.84444783744246,0.2865958662448016
1716.045748812557,12.688610461029961,21.99108402352913,0.24738012195013215
1485.7107923262133,13.345726825343379,23.975285014477073,0.2865181028180905
1696.6545915342651,13.545554839081918,21.974133574510535,0.20652835321131274
1557.9460205968944,13.706275263774021,24.42304086642964,0.28383257855508404
1812.2785663626164,14.554645623711044,24.082141658307613,0.2573605818211346
1825.4572087860906,13.475399975081567,23.298914938973365,0.222613411182946
1512.4335306657413,13.188865000539609,21.81802826855891,0.2963076781695367
1709.5468416670356,12.957220848643018,24.256690439621686,0.27560188233696603
1371.7800755588523,13.640340924884681,25.613068760067677,0.22574942851473775
1376.3996096581961,14.043815715790759,25.97953629598098,0.27662896029431305
1714.6879494003165,13.41277304057393,21.64900873666481,0.2591627324334856
1435.890124368815,14.755464656900363,24.475138820489313,0.20820592905260032
1478.305443964927,12.91756522829275,24.13220259311712,0.2789666839144298
1725.2143640589247,14.996038568965135,23.782180527339925,0.25286780768520134
1539.356062164349,13.467716650581867,22.81598324987571,0.205213975386078
1949.583017659168,12.95288913159234,24.942153628786144,0.2671153637123632
1710.346932321403,14.66966725232711,21.95247509517944,0.29017722644557203
1353.3128950863866,13.190209576822454,21.61989980951612,0.2433136484989231
1428.0162332396342,14.370244746158452,22.729451633595083,0.21412851739944244
1958.96988338493,13.182092436421676,21.92390982352267,0.2756920982774145
1815.0652386740985,13.88882159308551,25.73947573846218,0.20710595387415934
1738.7133109253184,12.744265189341414,21.93559191234349,0.22856876834506865
1337.831512440228,14.883312224219885,23.60737151174845,0.20155694897228468
1828.1590627803373,14.354435955651129,23.241247704729258,0.231797215039373
1501.0181306613024,15.074090270159118,25.74920538988823,0.2181275956836725
1813.6552980193014,13.500278117310797,23.19380767893292,0.23236470318611743
1607.4152930791554,14.699689309425482,24.226086781124156,0.27539573296580455
1596.4803533024121,12.913734269155158,23.576070673425658,0.2935372621426681
1696.4478792334085,14.307968455536535,22.798990555505476,0.2174142751963744
1461.8382085771366,14.75894725156917,22.162581982871796,0.21413987708483545
1571.9073729067154,12.927441676969593,24.39820474810384,0.2760564450802075
1647.9525610231665,14.683945265038037,22.721859181199253,0.29524151180463715
1771.929418365157,13.576346530122448,25.157978081425913,0.20506627913805262
1757.2170600378265,13.098850634789521,21.735063679054647,0.21018950159532096
1599.3796642651996,15.19049467177967,24.935901808295814,0.210000034710847
1730.3839685486303,13.879558491194,23.796903007110924,0.20898476291174647
1460.2680902227512,14.531517046365963,22.496449132361093,0.26094129902686714
1568.4169057848135,13.648199973536993,25.671942912928262,0.20932516488290467
1499.3352769752148,13.460359866149853,25.6499804982136,0.24074093736533336
1657.37469420323,14.241617350427559,22.399634276783246,0.2136331130204018
1690.6151685837815,12.71815181541219,22.51486777281517,0.2159366131338575
1713.2112581426697,14.139194674633535,22.84645366012261,0.20899778896672935
1343.523540011376,13.54015005710553,24.64383747066042,0.2620263204835238
1790.4578300894302,13.676688083918751,24.14323734472983,0.20659236434836079
1416.8886709552032,13.9239125505024,23.718484880775062,0.2189949982016631
1465.1098196040991,14.314859395254315,23.548932196347447,0.2965955305874156
1446.4290368548195,15.240764581456988,24.191742762410552,0.27673972414256476
1534.4439612599786,13.629964876229847,26.331372390432346,0.23573064727300055
1752.8598953035748,13.239747485681699,22.93576864551308,0.2627375739173451
1346.536896026681,13.95234074431318,25.251440895321842,0.24131516968921052
1599.2584822037131,13.302996218142257,25.414430820002504,0.28714628293049904
1748.829498070183,13.164156988942242,22.849786547766502,0.27475245854960456
1693.8549353295125,14.096014686625551,25.44792631686484,0.28911129488537185
1565.449587683362,14.228959699127799,22.695263935380915,0.2524769048430035
1488.9220752165106,15.140105471938835,26.282161892182188,0.27125916218363966
1653.8647293991896,14.835912711576569,23.48546059935295,0.20915167552893882
1680.7699172426217,13.571940723051197,25.130876711382147,0.27252577867185873
1469.474885695874,13.837603230353166,26.271919183698788,0.23301578583265464
1533.390787826985,13.748064016618383,21.725962844804982,0.2803501519725859
1358.974319574506,14.909856619059259,23.849060088662668,0.24507877385803853
1648.4496289095437,14.434840602020474,25.685847627926883,0.20649449709234485
1672.138165104712,14.635127436977651,26.120106504597043,0.24999746380387888
1790.7780917948364,13.917273499760585,22.9912822030026,0.2760092539479615
1951.6335922565484,12.640525870912267,21.86137263048561,0.2552842651520672
1823.3725820309483,14.148780159347286,22.990082815785417,0.27620568470805623
1754.6547047171862,14.41336068287659,23.445742215294747,0.2758763349009349
1569.7624328749441,12.64125657039039,24.469754087402787,0.2699353539700058
1974.545136560955,14.913344867205735,24.42282830031285,0.21743682815657653
1653.1616988201679,12.688955114400452,25.68771996546424,0.23444833452968888
1427.1558973788203,15.275431658139317,24.038169615660927,0.2027365269284293
1702.5502416105471,15.01140024010345,26.05085327978049,0.20976674118189984
1739.122047062503,12.746955290743067,23.004157545450518,0.2249935865503405
1924.1854463724576,13.628727134580666,24.627308089889222,0.27946630737773465
1508.9869881132486,13.195521735327011,21.982772005496656,0.20006986534555124
1908.602727354019,14.621680854778708,24.563297136628456,0.275015850084016
1524.239699861799,13.26617784230299,24.498343580467175,0.22376729181997843
1559.4700408238946,13.626175245232591,26.222160589157617,0.2752918562546131
1884.2662229827492,12.648190394397352,22.651417412481955,0.24952210915418713
1663.7605543247528,13.893186784570554,24.692618083774857,0.2456691137228292
1691.8339278103422,13.258161627113351,24.467689072042724,0.24849426964751156
1915.8693816385053,13.104655055707841,23.294660894339433,0.2923264361106747
1596.3692108918458,14.689468381336582,24.487224817807068,0.2724077543900095
1659.07297806416,13.863281473719153,25.906820141476768,0.2814580844074962
1917.1574282708978,12.635177995538047,22.740214689235323,0.2893226503346002
1338.623855658156,13.449460304810893,24.723012511128548,0.26253431544517797
1909.1689396368793,13.336329349194061,24.276512993217985,0.23671971697788344
1414.015907318102,14.151403054271215,23.047916497909252,0.23808922750922915
1797.9093959140287,14.529713129423254,21.86379535855631,0.20794527125083176
1420.5073503145948,13.09614100208057,26.367146020216563,0.2450170799106144
1927.4936449201675,14.0414009213234,25.46402575231876,0.23134460802983142
1467.9062948537262,14.424569721969364,24.75703366024684,0.21040684307583551
1873.4286580978082,13.879497774758306,25.013151113563563,0.2575670789290028
1890.8347690815383,14.37665937062394,22.026029219205135,0.23984343637963806
1605.9640016617832,12.556950854814879,22.95438996869701,0.25360031466328153
1825.9891631680973,12.651070496856828,22.45834858526401,0.25419914042115677
1767.9715686817856,14.929518653162699,26.390258163425074,0.2680468805097529
1870.0815949780656,13.180476312243714,25.002115717121455,0.22854731757598395
1869.5529930375087,14.475942914026184,25.392393692440383,0.20714702765465492
1643.3428082268547,13.094317436705783,23.362404567093844,0.28125207159056687
1563.8508363569927,14.141757324772492,21.844275102133896,0.27159958547753216
1863.387011597635,13.506542660102777,24.911738219606793,0.2599934208589221
1702.6095719331295,14.816654277861408,21.721735190769053,0.2605594096032879
1803.5026851268942,15.235670803842936,23.61517564648214,0.22435138194726897
1891.8315612050023,12.845616216521526,24.17071239710791,0.2563065522132371
1711.4374403962727,13.735772540265978,23.499673427227943,0.20767054057417822
1674.9396355209622,13.124019310133038,22.175463752239224,0.2133038665160273
1573.1825756675125,13.394434725380027,23.014174586884717,0.23172397397845126
1649.6006534686871,14.0626578088361,23.99079202026229,0.24092217566088486
1512.5400262613402,13.488527784338833,24.731428358318595,0.2419076132333774
1855.2476239415482,14.001552324126301,25.82558445303445,0.2476051790891477
1387.858375861516,14.583867126993926,23.083397401698363,0.2736375152773258
1348.9509224403746,13.747910217038834,21.65987851866276,0.2775589406548973
1464.0485655393334,14.922036820486944,22.584812715269504,0.2927600601612367
1638.4661637989948,12.959078377961227,21.851418353848263,0.22265360704336426
1577.4520518502695,12.888362072669509,24.20345615132018,0.2814333148737087
1349.1694289594434,14.723570963445818,23.771780378969375,0.2360923785740681
1582.0814656441366,13.148783533120339,21.65349575210173,0.2155421182459551
1492.414477720635,14.149573197936366,22.58208994255399,0.21467658988228452
1568.0927733172864,14.41900558157735,23.559456493566028,0.2257001938940179
1605.081096012332,12.545075389420294,21.742628008998707,0.208887455956871
1494.6912160742927,13.13137589606957,23.17369289486836,0.2275659534994736
1726.1700990617262,15.121234899231869,24.990620850911185,0.29645109544780984
1806.5181637409785,12.722497433815823,24.452956654931725,0.2853399273662064
1762.6271811346508,14.544366374709758,24.022667493941672,0.297267797338337
1807.0957849211077,14.868192770876108,22.911739074158046,0.20634600263486738
1776.0298552884835,14.662399481538618,22.607207786406157,0.2757005194369928
1745.9476495133852,13.304748647409808,21.66867749456725,0.2819185320826856
1827.569463913183,12.552872880070577,22.445178527187394,0.20087886169935742
1961.9174293213641,13.548334698350248,24.53828144651409,0.2892988128862548
1685.1929672019053,13.25672460008742,25.27122903027213,0.2753239989258401
1375.952238901551,13.900031127608592,23.106252781037742,0.2600017972230863
1903.4661837520712,13.484107031581825,25.904879599451334,0.20615252543094628
1548.6243054760994,15.035722724145423,24.244308457221557,0.20313088757213477
1429.3707832286948,12.792043614486355,25.92646411528702,0.21129095966463118
1615.0763373929071,14.333328966876122,22.858331822284814,0.21270644181023177
1532.1509139105929,14.065042361059522,25.12659867365314,0.26388190966336345
1574.8998435071549,14.543150212262212,25.23718912546334,0.20815281000051694
1723.0923733919124,13.48129405093895,26.234139143466408,0.28275778544036945
1962.5446435229505,13.178951492733857,23.340433685701836,0.29385331411419163
1640.1844394876682,13.914395752350119,25.158175645379167,0.2939465499029322
1349.041463754749,14.242528759703225,24.267209888958753,0.2595154519827009
1804.8325937559669,12.947503736222117,22.984899969034156,0.25573104220531523
1549.6011542707163,14.916070115838565,24.671675877610305,0.22097434293535337
1451.217656842588,14.273692982833763,22.979530078822727,0.25306191701751657
1710.4295228439457,14.195958124098652,25.253431644355114,0.2547645110802736
1478.6009097199642,13.660579288550727,23.242298687662792,0.27697781416995754
1404.6128263822504,15.077005036340541,22.478290246148365,0.2199056408520795
1474.1937538289435,14.47710196281576,24.163271781773005,0.2669373472545742
1416.4467618532515,15.093494471561213,22.330035397983533,0.21842548887852176
1861.6538354861743,13.866645769582405,22.987849910475123,0.2830596391711214
1725.475270282536,14.536322635019939,25.490554623734855,0.2210160537347348
1420.4360124462219,14.052977352474695,21.82356455943856,0.22709973992861782
1592.9203200960176,15.247789463184096,23.712429459813674,0.2395067052425418
1418.335172854814,14.719528162014274,24.588015458076722,0.22681594742642172
1456.127810326219,15.149207293855108,26.377906349963123,0.20485077400350046
1453.0549746800043,14.660426492823492,23.242772938663624,0.2341561299886501
1354.563487009727,15.16530365141129,21.858172096593464,0.2844869654475617
1351.2719141717134,13.770089914885665,24.65944391262008,0.25463228590619574
1651.7134469541336,15.259166366882214,23.60434804529103,0.23609695549932083
1361.3417858180812,14.008381910168966,22.006468283776975,0.20200843914996677
1472.430230286236,14.698487755912153,21.794676317285028,0.21465323811612463
1560.9764913044162,13.082773971961462,26.31306719277268,0.26335601645981865
1911.6512079058473,12.896872821287559,26.208192058308576,0.27067249975828206
1509.7905943868893,15.144364594763298,22.196418986260706,0.29237312280263517
1548.6371438866358,12.84618926141874,22.133296052179066,0.2945644478775088
1544.5490821765989,13.975216744295837,24.432614673731553,0.28041471978598487
1354.7101707993238,13.308822408606575,24.827950171199817,0.2082499124747524
1701.8014115752703,14.94739926449046,22.81570684801563,0.24900191943481467
1930.460704610288,15.070483391274372,22.556052652122546,0.23258669884095465
1423.7517114030732,13.22428447745277,24.90978359103579,0.2693175008675935
1614.5368048339235,13.01611367616648,23.045825333138094,0.259129016293802
1436.169864020958,14.764419397339255,26.260300531491204,0.288936410136527
1328.7078043704475,12.903173052898156,23.683115700430356,0.2110818057188573
1771.8175887922494,13.762997394563993,25.677024672945922,0.2328505699091202
1421.2036708625044,13.061151270590752,23.146632519948756,0.21107276483236537
1843.2033196778568,13.764848368460836,25.778224684064718,0.24765625032017966
1665.7427259519088,13.891156119097712,24.993695560531705,0.2545455450859621
1830.4132442142593,13.455530663202993,24.83456602824989,0.2926476346571026
1446.9666066450661,13.682656733223224,22.757975912701543,0.21823564805387613
1613.9248459106104,14.690633845642406,22.433808586635514,0.23874847373309518
1355.857076091605,12.827317820436743,22.933577256606327,0.23746406960330055
1853.4811608322857,12.918116350622252,25.459436165829487,0.23520617645810662
1564.9069264535076,13.455808723745244,23.462233955232914,0.25292122070401524
1882.8095954380592,14.062629552984015,23.663298581145767,0.29237887931717066
1838.6861920657661,14.470407720295654,23.78509292463572,0.2965298700604702
1362.516266905387,14.596327827777728,23.81889376037553,0.24168081420381338
1967.3187415233967,15.21815109948353,25.912016193974402,0.25100794346989025
1631.7899026983055,12.880551088975016,23.18982024915371,0.22599445779682714
1710.3779347493287,13.02189726282386,23.192743210590066,0.2793730385138093
1779.4584418001607,14.00134015355402,21.92389919572583,0.2938066560993334
1625.658093381566,14.209287132484015,25.294075834991414,0.22320259837720707
1707.9586673578644,13.333036672213135,24.62950639216372,0.24468127297007472
1957.0206790676934,15.222853792852824,25.914859304392266,0.2951177146113915
1899.159866645038,13.71544284413433,22.347523512793206,0.24324249827144695
1373.110561993271,13.622850772618266,25.696374962826393,0.29915029320591696
1518.7311932638165,14.160038994051053,24.15848179945664,0.2197642338106853
1766.6148603227118,13.084882190601935,23.089279399574412,0.2675322491759908
1920.3954176457244,15.068801820410908,22.596235555120632,0.26271227041027445
1481.3388120028328,13.582545443765977,26.00824643757467,0.22043042062268386
1834.564459973322,14.170984455154914,21.944463855056348,0.24046230737190558
1923.929845073892,14.536474864659784,21.661893823619163,0.2905357396931605
1434.7109500671488,12.757879663519844,25.990786387865136,0.27978437351635727
1792.930277942233,13.23318454895068,24.05511959663376,0.21604021779621302
1354.5605576002183,14.573309876674356,24.181021107741504,0.21010214781618922
1378.1084500604263,14.506891639663179,24.014633047829008,0.22129463136627986
1941.4849649530772,14.336290976643582,24.644540580755894,0.21019046070328576
1901.965105140679,13.752371996364785,25.040988426238826,0.2537810498706227
1670.8016246586517,13.198953011233503,25.986515262640516,0.2107291708609465
1861.5525600867793,14.373391824719937,21.722433334983158,0.20409813371153002
1837.85686701902,13.639757724442953,23.650013907329512,0.20553652907317385
1849.0202587071592,12.828455324168225,23.6910932695391,0.2847570608065901
1598.7000269770294,13.236805384515334,22.118307894271418,0.2238157837257499
1652.433982591651,12.876005649764844,22.947594700927606,0.24539125162836184
1742.414479639357,13.811009568492972,25.084579941365575,0.29047515822571157
1693.313329938215,13.20325030631441,23.521163109756692,0.2881085735921233
1524.4937265718338,14.913718653983768,21.715012441083104,0.23186272202191674
1793.1452953766156,14.902135649843217,23.914084767953206,0.26532017159005866
1836.4863770067348,12.941840867055612,26.0417139809645,0.2838852042560716
1589.3441002891082,14.955771720892567,24.63154204952828,0.2639441832614277
1453.0247430059337,13.615616012189221,22.509304970188886,0.2650130463417704
1898.4964961215555,13.126703731025692,21.8555949271234,0.23683417833811268
1535.2620425464772,12.616319307421678,21.897723392479694,0.282723950588234
1616.8727988975736,13.405437386933029,23.093717978934905,0.24354824614716367
1352.3663894392953,12.548478320033025,23.473661051274675,0.29189998184769567
1737.4866268291905,14.177786180149269,24.828355533449564,0.20226112243370625
1916.2336563869285,14.448868853970561,24.002148097347458,0.20655340752569093
1407.742709395595,14.152111626737064,23.77393270585907,0.2507791249863336
1962.88320945216,14.800240730742956,21.787765423896964,0.27328497971897964
1389.9190490412757,13.793059310349399,26.121053968743823,0.21179180031936873
1628.9796536357933,14.283873403002257,25.760474102148088,0.21325937333121456
1731.2962332908662,13.973663931414146,23.053790541793237,0.2946895936567363
1527.9445598541868,14.053663179796004,25.614719569508875,0.20869577133946554
1675.8894175394669,13.274579298101509,25.431397381091497,0.24176751837722454
1775.716764637553,12.792779171326996,23.785135195704044,0.22702809968949852
1827.0626230326704,12.939263601562345,23.685771198979573,0.25501810248787804
1414.0220724103901,15.125946536080665,25.68999510598342,0.24141090667582454
1806.8224145821268,14.952067997153394,23.686044034517135,0.2704763043672667
1672.9523057975669,13.36848576811113,23.131038794620853,0.20177788677562253
1715.589500090247,15.14552792628774,25.41994440605698,0.28008260271669666
1468.164899927516,12.985687201375745,22.712238548198567,0.23316099838212315
1948.6533266784627,14.389871172551583,21.86576746133785,0.20306888805212708
1874.5062335351568,14.114486155151983,25.869500641014817,0.2130205889481189
1347.6542974927688,15.042255010085412,25.91936795801408,0.2789367043813307
1717.1083908358664,14.16353680890555,23.139437239602238,0.24312019384760822
1382.121068825075,14.302815812897789,24.34635039221751,0.23387996038653067
1898.0014101197228,14.979761552456807,23.923006070609443,0.26244625144243694
1562.6474067846773,14.232890424874345,24.033914766610582,0.2098531895081369
1797.6892533835164,14.963520435143161,22.17334598053702,0.22199912355894802
1490.1579768491124,13.23548061501801,25.93696175733153,0.20460414438302799
1332.0295722241524,15.171337213723437,23.108160002612983,0.2578388463350431
1772.116173444974,15.1118196634917,24.159833393707636,0.219084265694399
1514.6839074616496,13.806847830004747,25.583902826641154,0.24449965205981783
1559.4164284219871,15.111898424722817,23.680553307015224,0.2813454840702494
1489.3667080132684,12.564574374736248,23.67284271727753,0.24687398720311973
1393.9233728541712,14.677342362231075,26.260944002888568,0.24903198067002053
1452.8229195063132,12.731154705179618,22.974951204039122,0.2098947768492742
1972.1218346191781,13.048100569296572,21.965987148586784,0.21449878961722554
1633.6748786296641,14.567235154565912,22.950389542050452,0.2298163136651297
1523.5918066414613,13.990837701375685,22.872440470501836,0.24962377144270984
1789.6569788940894,14.850363352051435,22.29328472101877,0.24485737229651508
1510.60050206872,14.424533466509638,22.377944527601844,0.28541782889699063
1390.9094493589378,13.659498054753582,25.004473517444005,0.23864054992197717
1847.7663539643934,14.258258205911917,21.865005793986615,0.28845253771880003
1599.6595091913043,14.586751416512605,25.588964539736097,0.22014471371067612
1454.4869128931,12.649346623539214,23.036992238084004,0.27613824315874186
1904.0580744493943,15.276805328228757,25.977785530435067,0.25657381495250225
1642.7587186491078,14.981350740983498,22.895831999860327,0.2953675955085232
1442.2867035321317,13.985267973292313,24.873679600941976,0.23175909174266202
1854.9491168418526,14.662045235330954,25.015623184591206,0.22167741805227617
1433.2325440428235,13.046920200409957,24.103327708959725,0.2984967783929251
1848.3623539316623,14.249694284228088,22.300940279857528,0.29287764049290405
1633.6505685742989,14.498176507677481,24.076505380701484,0.2818361114999598
1881.838869973475,12.930869372867672,25.947233831922965,0.23161190482848082
1331.8120395174312,14.893523610750028,23.18506560491668,0.23980817873873386
1543.914504026069,15.01626463217941,24.20637255306221,0.2613680529196829
1968.2012970511412,13.791948884876849,25.963004653328134,0.20295434166892998
1861.3993595372406,14.440329208146208,24.62589520046867,0.2294498611591571
1497.1470663413468,14.072511821549211,23.480935222435296,0.21716971400099602
1928.8663789025932,15.104218788754379,22.03538808936854,0.20216906982282112
1927.9461995704353,13.094272692504068,23.356770015845928,0.2551763180576138
1487.9247544652972,13.265098761866652,22.281153503318794,0.2230265510784666
1864.3621260459265,12.730280129628538,21.80830054094287,0.29582616737764783
1464.725178260242,14.0128205776925,25.042989759627044,0.2769559265881173
1743.6884913947913,14.827289484195289,26.279945268667944,0.22337625298450212
1857.1615330417633,14.264280840386029,25.758400313900193,0.21321523525039698
1568.914721845015,14.590244685048049,22.19191219619558,0.2985039685553297
1452.419808487495,13.18887417210286,22.211799249531268,0.2851761340885936
1886.2549861243422,13.144470280600835,23.1381161972493,0.2473284749852435
1366.261575663873,14.218563033422527,25.60460323106387,0.27601572036620164
1451.363524884815,15.093780547413868,23.76397915813881,0.22206744283878724
1777.2976549355888,12.811212532880255,23.194754963814383,0.2810802413566
1533.613585395055,14.227762761638658,24.771902121252936,0.2389420263567075
1863.8667860255446,14.277815898586852,21.810761007792205,0.271326894750835
1498.967384434544,14.814389799631549,25.987016583467696,0.2673075076341617
1868.948770593804,15.090870655577438,23.156751245681917,0.20822350364805417
1428.004561998914,14.217064481743458,24.100470548539786,0.27819265437478985
1412.0201295778318,13.441211725115174,23.445227795458123,0.2631332566574413
1371.2199627056573,13.18670442746352,25.698631962820023,0.2727113579330996
1856.7317665876567,14.633944942638966,23.11414483520935,0.21224172679181466
1881.949732810281,14.162604594369316,22.733249257461924,0.21936285173332687
1413.07755669123,15.18015588273042,22.04238504161451,0.23389715781813736
1477.1567130493434,12.662506410227602,23.3902610234642,0.2969152464762912
1678.0488762453433,13.73933875751211,24.784395452322897,0.21031117266972588
1929.7071776747025,14.76606320480267,25.494023830263437,0.28976911150794765
1359.980350183583,13.187777497153041,22.598294708602467,0.2136898989253548
1554.5677683480606,13.780384314762257,24.18718022689469,0.22433639983015127
1637.1012522168598,13.501281266509235,25.96202869853879,0.21369186985478286
1326.8291015644938,13.541844533585646,26.1927290719844,0.2413681833733232
1440.1108322310831,13.153422544235855,25.551841180870028,0.29570675650078826
1699.7818579881196,13.633546646571371,21.72992870849413,0.22972736242452327
1470.1330835149306,14.55165075668588,22.42005390749316,0.2712413864562485
1747.5403889437832,14.9104457501596,26.151705729767208,0.21259125618340965
1587.797033933816,12.561370165802687,26.152389151040964,0.273568118359788
1575.2473160822153,15.172730737157803,26.01779065904281,0.20220081011407492
1792.071175794619,12.584117332161851,26.195645568477854,0.2862788638938323
1444.2073129526048,15.109261998103346,25.50049189918986,0.2323781902220799
1732.1244790727094,14.993150088254847,21.900450551303557,0.2624527941862577
1328.0301172969037,14.895951718920367,24.16154767842335,0.28563254810441835
1562.8920903494666,13.125295413874827,22.25551938663352,0.24552342393758111
1468.6838715173037,12.803362430684718,22.549004329339443,0.2491080893056379
1658.5759980482196,12.609058867996653,24.811189228103366,0.29502489419327516
1884.5670752602293,13.371951486884889,23.60535301026353,0.2219524669151726
1491.759201737664,14.146595748791437,23.69312267551976,0.2653679629724752
1504.5587397100164,14.434318385228229,23.810281563889433,0.23253757765181687
1977.1873546069164,13.807408025816603,21.847854438070396,0.29963673304363975
1744.138120791843,13.34551551925704,21.670632270884717,0.23099907194070537
1367.0252404917223,13.196572893708794,24.125377146654024,0.20615861144125575
1708.9148152869966,14.496068827531746,24.90074307777413,0.2242864051290276
1461.2736733903105,14.921126746369431,25.429816584263325,0.28890519852096125
1884.9278269021931,14.823909070545268,23.372631323042373,0.2737818556402868
1607.4621306944828,12.572386789956571,21.7324084292322,0.28292498691881984
1960.1111346387179,13.82008921568394,22.104158341043927,0.21819318100124865
1325.3421958595386,12.561907088293559,21.91144856012562,0.26366932757897465
1388.8820223488972,14.636630101624105,23.49608623243519,0.2913105690578784
1708.0930964578772,15.1594709737003,26.267852226000947,0.2848925882468195
1714.2533958563133,14.584874089020044,23.901303969728197,0.2803452167119635
1775.7678426963432,14.688047508754567,22.636106476757494,0.27367895343451526
1401.6306359333128,13.489281067943855,25.393439895535256,0.28861911241831417
1376.293091610633,14.971453142900437,22.109256122851946,0.2414649626041726
1376.249473980415,14.764070391103266,25.072872645985605,0.27928809653394154
1728.2451154602697,14.376152078259496,23.543051788177152,0.2299502286884468
1537.4398733761354,13.624486854495796,23.51089096255791,0.21900979865915468
1730.6487169324698,12.680561748697874,22.42430447918068,0.256255032541486
1404.6036908621963,15.176686109413977,23.258145688823106,0.20473138139247898
1409.5724041146048,12.874347808751345,23.304998176520783,0.2689308475143039
1906.3363869016707,13.062812210305939,25.706341801510867,0.23485205058882175
1749.9593126947134,14.178964902838196,23.084865016203036,0.2379152444941135
1779.407276590307,13.35279008481335,24.117823760821988,0.27302952971583294
1322.3622561838142,14.483681882287152,22.10586538952959,0.2762942218399196
1909.1680462814409,14.333394040112449,26.337043316800134,0.2509565080046645
1780.7695546813725,12.970005488120956,26.23053423983094,0.20274990000079415
1331.9519321072441,13.813382871170065,23.425920008929623,0.26270211185699066
1887.8345650499953,14.32335943555226,23.03008454030465,0.28489826009295904
1514.3049405254183,13.91517716124569,24.18419807719833,0.24126133081353027
1924.3691328355878,15.071231677113207,25.373607401371164,0.22603924397900946
1781.2800313271366,14.122953661728598,22.76178606055691,0.22250984232295526
1802.0722856300342,14.592144149494986,22.717542740016146,0.24255316193859
1456.318070565248,15.173516471994818,24.654148683587955,0.2097477616432656
1448.8326221512712,12.546437725019675,21.79602373423666,0.2852880936420892
1800.2033651388404,13.686616712356303,21.986090553222986,0.2058968404808723
1852.3711636784394,13.471176978572661,23.507936590832287,0.2998803314771397
1800.8816336583668,12.726192764104624,22.10707454711495,0.2604421996864825
1854.5638339132045,12.888530020924858,23.65580263628879,0.26534883640522344
1620.4208160981043,15.224007911891757,24.438425813713636,0.2895250637221809
1916.3493123076635,14.088572801700948,22.631758864787237,0.21119897045915945
1700.8457498248902,14.325475977766542,24.341259380225416,0.2043828686443693
1492.9045391363973,15.168997599153645,24.96446059780809,0.27638067547475004
1447.0000079227104,13.144429539757216,21.732152104070103,0.29514095041017296
1379.8323083225564,13.475641554284458,21.871030014022946,0.2990484375585992
1365.8445251979333,14.24248246731046,23.20197465333217,0.23805678906691322
1409.0681868637562,13.921657780406855,21.819323154061014,0.29879571585361
1692.3519061614918,14.395134036293552,24.031580448603478,0.23756670273384017
1421.0825372516422,13.2423905780449,23.857462523021525,0.23493442696171307
1341.8434679471964,12.819344705299748,25.004744858776196,0.24613539517052718
1888.4927459888145,13.303619297227488,21.707544657676902,0.2965439427603037
1321.6315834144723,14.515537107090354,24.225139073273134,0.20486472124606664
1352.1065431283307,13.619424087461882,26.120503510605246,0.23053873916666048
1461.9410021730257,12.76145233662713,25.08354897479582,0.21054866012203532
1377.7105148820951,15.024436840728763,21.69405219316388,0.21414527568878097
1638.5236445008106,12.671494017151518,26.39253096127285,0.20504173318865376
1477.5393671872155,14.404439182934246,21.86014163436752,0.25715851941927215
1845.8755128889024,13.794139936479269,23.803399500673653,0.23651841551761454
1612.8268170470194,14.809983220582845,21.675698006930457,0.28312645433203976
1545.8068493126527,14.079575168740016,23.985629016489394,0.2485815063786905
1672.3850117575937,15.05085544709394,25.940995649770656,0.2323054116695923
1371.9733700323034,14.372469834354352,26.242386080941735,0.2937163915916439
1698.226094718639,15.205280715906538,22.95260687177314,0.29378519542429526
1732.7172958667372,12.905964480405297,23.473580452861075,0.24474570449135194
1549.1048868886362,12.74505268746121,24.80135707404068,0.26658987104953974
1664.5776847215106,14.49305399485936,24.735827771968488,0.2657816516425238
1651.2301341063026,12.946541765428227,22.26310345957296,0.2592592377132567
1552.3192174108071,13.439482561704063,22.555499549672696,0.20189951339387877
1455.389770642899,15.043948682615188,24.03942498763529,0.2068226154850873
1657.8500428010568,14.632400120124826,22.243359874080923,0.2084368354289983
1691.404408883667,14.503351571671018,23.954443446280674,0.23905041097298985
1699.7723573206727,14.02795984821685,24.811112847606257,0.23215896583688972
1709.3504816272857,13.201982076309045,23.374634108355536,0.2689653618825932
1865.5509863440718,13.70023836885742,25.591950369629934,0.28408449824883913
1728.0761645472157,12.946918445357978,25.859927659084114,0.2778458998028598
1518.8001979095682,12.849981400684477,23.293894840718153,0.26457332808361195
1787.287114804793,14.17699984690382,24.49340769432448,0.2914739815753291
1668.9661778481618,13.358796218923707,24.96454524045502,0.27444418671915566
1950.0264111347553,14.403659139412822,22.62490184002785,0.26926810211225083
1556.1702205010972,14.557847388676311,25.81025012189071,0.24271562629701124
1559.2262986800308,13.31115545073713,23.268915324728965,0.23709535479271499
1695.674068698108,14.936909783577779,24.02015637648663,0.21295151376058188
1478.0454459814403,12.516112648838568,24.02044054097938,0.25239582031082186
1763.7501039613837,13.129764508796164,25.018450009186267,0.2692094868820046
1486.248061982962,12.636664006177712,23.080812369916018,0.2941740710435019
1453.4224200648148,13.209241928555846,24.430079093465583,0.2529045041060329
1505.3852398098122,14.671463108928634,22.230922425707355,0.276324030200021
1413.262978061713,14.646973903251194,26.10046171607686,0.2484387821258724
1460.8241919999134,13.817338922178873,24.44598395346101,0.2722361108683637
1426.0408778295082,12.787330167515995,24.904094339812442,0.2598751593454802
1895.6076191536176,14.890487703337724,25.635402238575242,0.2654234525523133
1380.8153276041223,13.10794153563821,22.585461041727918,0.21604393937032842
1449.0751491671633,14.61723684651285,24.741501995494588,0.25768209700315314
1853.2189901879597,14.20453181394663,23.00571939777903,0.2432549559666411
1478.988655879516,12.550577396356667,24.637502910221954,0.21502487923784408
1455.060707329878,13.247070412517996,24.92576790205179,0.26511176346980164
1580.6407084897985,12.894658733635556,23.88672577750302,0.23735685694755176
1696.2234958613008,13.106233290018599,23.674971315391222,0.22798540358641858
1659.9115175423108,15.01158775021874,26.278896974009683,0.29681482911722495
1632.3093341742983,14.79094322762396,25.96562335636145,0.2966005055530348
1626.3594186713724,14.657185322410314,25.573785092964123,0.20675602168164584
1797.8979951133726,12.51820584459053,26.17715322738128,0.29396808327607105
1409.240543812868,12.916332055780622,24.160708462932035,0.2822140344541143
1463.276496234685,14.354008808242606,24.653724590188666,0.2992752708605966
1796.8214237891905,14.075364838927625,23.46812540526649,0.2975171135140378
1799.8771339568561,12.854573688210298,26.184186622337755,0.2894302936774354
1705.2295800799711,14.8711558396605,23.35457686845833,0.23386271117470095
1795.5673826918676,13.11372989842435,21.761637027926458,0.2598702327250707
1818.8311890859816,12.944416405430092,24.717904318905724,0.2572266964778811
1457.6402840008407,13.999066283903606,22.85478422885773,0.24795780811381526
1630.582119770718,14.8945527347725,22.705830586709524,0.20687842612529123
1397.9430267507573,14.154553138742344,23.79961420687577,0.2335611714040313
1405.3966751851822,13.273322557878027,22.41036861253238,0.20967615214916735
1719.477502565287,14.045114728094498,25.904943520954824,0.2930121031823702
1682.1830399025416,13.062534108853974,21.822546028758836,0.2584133703566386
1460.7966716897206,13.347685767145771,23.16724272033509,0.26517570648303124
1466.4788838843685,15.221958920721196,25.82200588107793,0.22584157258540602
1800.9830632286112,13.43359955569625,24.585869593857733,0.2936152928306775
1740.527365447977,13.933127273109623,24.137772585496634,0.24828135079930683
1772.8916790889516,13.029342462618455,24.679050697257825,0.20500349664987894
1900.167546010253,14.056693756568494,25.429109987075094,0.2135205572606466
1846.7126250459291,14.461697773458111,24.335928764576902,0.2537349465281358
1654.051548134838,12.964753710528848,24.59011974659053,0.2541886781906881
1476.8636208607124,14.79504520045687,22.940127174607536,0.20560068725264471
1832.9950292012597,14.095934894754455,23.416535793947432,0.2242974781564581
1427.3075496680217,13.762725004754737,25.275725908607185,0.2578142438907138
1363.2904072425713,12.759469137826159,21.65817226181679,0.26679056809295915
1628.119984594461,14.949517614610789,23.734370205590164,0.21281413470085883
1429.098024194112,13.133252067256059,23.681677868654653,0.27005834428089864
1692.177504184768,13.148149236986745,23.577970687558718,0.2846047305100771
1511.569005889989,13.137533519350633,26.047065153997767,0.2957467393711905
1844.8123439234578,13.089018853656961,26.345016002462792,0.20141274669034312
1496.8752295795819,13.278873428744312,26.272132627963806,0.22252619475733107
1593.5016844253837,13.997810407864849,23.58341817446511,0.2815908391032124
1608.342465262437,13.953729189452895,24.79097472596076,0.23052289197779804
1499.893406220518,14.52504345803283,21.719340786510887,0.21724239510635254
1801.2199828913083,13.686843667477634,24.179985356781227,0.2257855105916264
1536.1525535631292,13.42877774060196,26.094688163771398,0.23588617879490978
1768.9704190476039,14.696960555351616,22.981097488693795,0.2089953499124442
1880.9612117040233,13.078352092563238,21.793383970373654,0.23442534852040525
1656.5714323489378,13.145581693691998,26.32733586687823,0.21867435420119727
1322.271658825751,14.670565880448088,25.293898761308462,0.21204518755597573
1694.3314017317534,13.69654012678389,21.77583523897626,0.24083258954586234
1939.3795806496873,14.720532521783634,25.393046450127553,0.25341439229464385
1413.2195306130368,14.82345200522791,26.20172957145022,0.2634303994261231
1665.6788321342433,14.4694305487766,25.17653402364971,0.2800010547956456
1577.5862321944571,13.25046360136731,25.985882330928494,0.247337691429834
1386.807354028466,14.2725646087684,24.630307560599967,0.21030645393346384
1701.313937910532,13.166220728922683,23.12899853120587,0.24180070562696576
1925.4854104850062,15.106497129058074,26.04264762985559,0.23163533965939748
1416.9255357936593,13.159253507468657,23.34893495325244,0.2076267151313634
1879.3241106561586,12.844925141609558,22.68992143743194,0.2880607788277646
1695.5618724577546,13.47827613853886,25.417697599718572,0.26913456337208364
1716.523361778846,14.758578997470549,23.715035359099694,0.2210031691008622
1329.714787779685,13.968931561838708,21.604466710516558,0.2230590629415454
1386.5137680919154,13.274912408203111,25.946995831280223,0.21749132209300137
1899.976866788507,13.689477799637702,21.626298663755048,0.24684094162444284
1895.0111594606697,15.00265583152865,24.931879486925567,0.20181176722647437
1756.2398120743626,12.813511610861804,24.437518534535712,0.22859560166063897
1433.050595483613,13.438943909203925,21.80428409338809,0.276837552013282
1570.978208573779,13.218511856457917,26.38888541598279,0.28627999675373755
1544.3729282337638,13.7728418669777,22.57190545922993,0.22508723594505525
1969.785175247111,14.856715828414405,25.928859736677754,0.2956420048525011
1944.7359073688913,14.05765588969629,24.406090200527156,0.250580868445745
1850.556732682436,12.66630308272396,24.758848561115343,0.22171865452406658
1450.737118675913,13.343554074667399,23.58311248972344,0.22903519053712595
1744.046969504732,14.665450204719882,24.917429605882127,0.28869168500194947
1943.400701676996,13.156104578071583,22.740275853244707,0.25446139013485514
1362.7051708864135,14.365643558008951,24.99401136660058,0.24076535039452346
1822.2495123508318,14.032403124802796,22.13864105561729,0.2593469618696027
1688.2875448268496,13.824962872559293,23.102604758052028,0.21073392162156854
1458.789101323915,14.203226747447454,24.140076244725424,0.266378513110485
1634.1891958050114,14.713252439995012,24.26734222046236,0.2503352483135803
1763.294470539216,13.730893818173042,23.54304938082054,0.23506045935996625
1625.9846109058637,12.954982776818595,22.85231047401392,0.29710115896200995
1364.9842606240288,13.568841730147332,22.906073112714797,0.21453848927011385
1756.1242647483366,14.224238743831458,23.7517492068801,0.24669230391530686
1941.8884286269656,14.400502465184205,24.791885711825664,0.2846817434758872
1611.6579757151221,14.25669505730547,22.661940435976277,0.2494918041307485
1831.1629026993264,13.731645728196392,26.09792318279166,0.21406392035677482
1563.7412276144728,12.74844013152553,22.066766900623445,0.2702723554349911
1639.20347215346,12.744640484376989,22.857970877231082,0.2581209924074412
1502.9842627156054,13.366528323587648,24.54413757940024,0.2125461441850087
1792.570166464206,13.242259793084598,25.704263895511414,0.266765777984326
1945.0481769751614,12.523171911891191,24.611575938059474,0.22401687960566177
1950.6946094642253,15.005350516886034,24.449291821704985,0.2797778659159415
1939.403128919892,13.604229278448386,22.802673087353437,0.21577182319090893
1968.6201967813308,14.065854158851314,22.2919336839182,0.23733201847258814
1803.0894877604715,14.049356424682593,23.09005697645146,0.27438197735967296
1727.9771176025579,13.568383225211237,23.533400128031463,0.21660724725895877
1905.4458639517918,12.807116899693614,23.438865084559588,0.23537217601830587
1327.8162018841074,13.716602752274047,25.50110557253389,0.2817027859624603
1840.1345752411137,13.114922610150488,24.4770729197774,0.24843397915718637
1562.5202746934592,13.980241868298645,26.04091637107552,0.28688486748350117
1803.3460980219293,14.995149135231891,21.864676683683616,0.21277163326553616
1585.226796196002,13.901226895612261,23.403759618144054,0.2622300194997875
1672.7374029952277,13.885614120593427,22.065467862861873,0.29805111555267877
1741.2036845599464,14.388974458937568,22.825765331065476,0.29784588532188716
1363.3416128351407,14.08255511421584,25.19353585597758,0.28050345256879494
1710.811050241788,13.808481449295632,22.33336908278499,0.24119980459338436
1758.840676305555,14.02350214952178,25.529046809862226,0.22993135846643106
1555.2573967502683,14.724235757502754,21.68125300443235,0.21287572633575158
1745.8072297880205,15.101877066236852,25.30044426522692,0.2943436197940016
1805.8171456759,13.811883292146419,25.640391287179888,0.2714687319340652
1520.0914335538243,14.648971416623356,26.2410749105923,0.2977632828924666
1546.731274453843,14.637702920530776,24.70261447212667,0.2767063965525388
1755.904054880619,13.857995150001134,26.253900010768373,0.23266286979150277
1560.3900652608477,14.002111401588476,23.48024124868957,0.20214669533629212
1663.0115609455465,14.136939585566044,24.402384732709432,0.22339347602053136
1372.6398022087303,12.614715428282315,25.01020464445263,0.24691522202822683
1509.390571244356,15.044450509759237,21.95656077051618,0.20230808109886964
1929.568803032074,15.266739034045113,23.473302406454554,0.20771789997329204
1802.783600570659,13.293811703776251,24.326829621138106,0.2536252643617829
1377.1284507378236,13.089368868260832,23.094066444325865,0.261162290638016
1940.975892641429,12.534215176945166,25.975968599597376,0.28357138958893685
1738.4615435361927,13.804107331652359,25.66161031588823,0.22545226736958
1931.8084347352603,14.866872601436155,24.311807403628727,0.23678692021371706
1739.6360779549955,13.67736454095697,25.133762646931228,0.27216177024342086
1571.2790372853376,13.36054460959627,24.73192425171169,0.22697427998143183
1863.0902333695426,14.44849188391334,22.669800468604286,0.2751617881765494
1943.8807609760067,12.609606240590617,23.66627604291249,0.28065571624815305
1969.9471241746292,14.869320723309427,24.92749496859792,0.27893311398111076
1432.7780287308499,14.659548992903604,22.50471928070665,0.273013250537376
1598.9493004330716,14.673543720286101,23.183231619498137,0.29188713010264533
1601.0317804932856,13.185780359499859,25.132194952936228,0.2230598588516656
1972.1595533906232,13.99912650921472,23.21603043432467,0.2610033920402746
1645.959765484996,14.336473147228665,24.91889727459848,0.24736387446211638
1819.869223241989,15.207513008624156,25.082937323145778,0.2991347996477845
1560.9652182454683,13.825412621388438,24.923172371913545,0.24606978616583602
1478.5100973509766,14.671157285070901,22.063119607085234,0.2693864654255989
1521.4794178867173,14.664094592907968,22.769128580449138,0.26028071034669215
1564.1592013748202,13.479209678639398,25.603366727952412,0.27415669053422376
1486.2140788733286,12.834761718800108,24.88771167778697,0.2495174122143275
1739.3856110176284,14.444366797954416,26.315316413430487,0.26080122615385887
1761.7709618073914,14.998030689999911,26.065976610265658,0.2573746632480117
1923.3128845757362,14.005967087394406,23.596338053818563,0.2245323483829074
1666.0784410246736,15.250958558910506,21.768382183067786,0.2819245401913955
1539.7284938818339,15.138821646452113,24.17979610894372,0.2323006053644864
1708.3246091454466,15.227738478110338,24.172133085673746,0.20599158459127562
1384.3978790770711,13.6817594219109,25.804268859751996,0.25956782069981127
1617.2490508900019,12.815195045938783,21.879834744327695,0.2602145581074517
1672.6054400627381,13.911486940886087,25.638979225764782,0.2832975035979942
1889.8548910061384,14.96536471853939,21.93249893617552,0.27371327372075593
1829.0127866343926,12.53253524268635,22.39865836123868,0.2539651022600051
1366.03400114751,14.026444939967972,21.693792471052557,0.22973440618016225
1778.9309802067753,12.643247183600499,23.42147909594017,0.27001706769565964
1385.9242033132352,14.055105492637683,26.286562074315523,0.2476783076937475
1790.4879265861202,12.59133500349949,23.66766051438293,0.24647984394583805
1724.3372487972174,14.847803474786375,23.264425356903605,0.28863504220100333
1672.6545490267222,15.086985231584485,21.989977076923886,0.2661337730612596
1822.0582671501538,14.582839089857591,23.51333600619633,0.23444462932186094
1650.190460789529,12.878142705134506,24.279950406968617,0.22333810740682092
1733.2414584177675,12.893898725380735,23.844631385173955,0.25508141445477583
1692.7650117105054,12.826692049087656,25.91110806324801,0.2463965690049036
1699.5512513565332,13.032718828490093,23.919680177295042,0.2172440779243159
1526.8659141658102,12.772954174480875,22.623750703025244,0.24360437999923457
1729.4288389771234,14.665974159570245,23.543979918150217,0.2589011766382764
1519.9376233563646,14.70959096520284,25.17814633792207,0.2789873206083127
1347.910670597402,14.438408085270874,26.306709753208207,0.26229634115176376
1709.5123835227248,13.85466546744197,21.816448090020003,0.2344113834034444
1701.1109700475145,14.862361399274281,26.33157702056227,0.20136914970400627
1446.314074721897,12.692930673722259,22.213164382435977,0.2406276979369848
1675.3376093680633,14.701783291151624,23.951017577893595,0.21585562953878001
1634.0067037517722,13.78714687535204,24.539638844636148,0.20113770206717932
1577.5618728530526,13.351027219175103,25.47570979191317,0.20631242967837732
1802.068289564831,12.784825889210857,21.964935102888184,0.2521673754368712
1862.911456097244,14.953322539165713,24.781170526915474,0.225910542463394
1634.6626057106466,14.449624749645773,25.78125861512954,0.2791673324431869
1447.0815358038253,12.551625463752119,26.244802686510834,0.21294278509716308
1786.723069035256,12.556390945835197,23.78404981731297,0.26573755485624745
1577.2466194552626,14.162997740679925,23.13530177327471,0.24021675809308776
1722.9783692645972,13.950228370557634,22.925596896181833,0.2630417144091115
1469.7993111163637,13.502976032491294,25.85702069197358,0.20381047181317463
1891.3047648917088,13.152689299631197,22.335902948513887,0.25415344583438887
1522.5576431247148,14.256495199513758,24.496787428018482,0.2289137383675446
1954.6730209881212,13.280569501948966,25.706356826077563,0.24566760508055208
1933.2730724429698,14.810710087355963,22.781378321980714,0.27232319225416984
1811.033909762087,14.655549758053553,25.224016146459643,0.2994040540102859
1552.7576330242323,13.329184003934836,22.884578597351865,0.2758017468143303
1861.2862761520357,13.701558823614112,26.130143259756206,0.2991769322804913
1631.9552195899037,13.132840637697242,25.095006928648555,0.2095802240013887
1528.6157828526761,15.152438258564374,24.814900105745597,0.23090814185566275
1665.8401119858574,12.937472104730599,26.179668525999862,0.24039754996485324
1678.5599963962532,14.485265267823934,21.770618454768986,0.28285030141720174
1708.005793177664,15.15857647247016,25.973643459673085,0.2846744355354325
1466.182308209894,12.743272330350685,23.711443903773894,0.27298912395181263
1653.3646891574028,14.331925932150272,22.535845535246676,0.2755324474967237
1702.4906212018846,13.497509096931882,23.75338448350104,0.24230438358249085
1385.3510235717442,13.09112932433516,25.774997250018803,0.2933828125265618
1965.8745990672815,14.44034100650261,25.97997836120498,0.22655031926249045
1468.6199673849383,13.875394077376342,26.108019390649847,0.2851197130099023
1939.3040509876334,15.169556792302068,22.173301232698307,0.2915093465600723
1333.3471692370344,13.597772835790565,22.04953784603568,0.23959141256729405
1823.2483711131815,14.816373891179369,24.02697355095571,0.26202492985905157
1435.6610643726874,12.804063599603436,23.501968858940334,0.2753685753299473
1438.2156116646354,13.349892722335083,22.843153608830832,0.22730613257787935
1773.3564372905971,12.804420167420664,23.720399910073557,0.24383913877649627
1802.2019023577375,13.24077859717115,24.9284595769331,0.2060901124619572
1866.4891926097196,14.05041106117213,21.912640180327518,0.22506064985940075
1602.6812663050816,14.721851240808416,24.44146583942337,0.26041948908278323
1601.0985281283904,14.757003802210338,24.834172201111706,0.2990987089897898
1789.406022609044,14.18236360655934,23.074183887323198,0.28324145905363113
1656.2131650785127,15.00288985632398,25.911264033258238,0.2104486606636227
1764.1549554454903,15.137330044058103,23.99898234255654,0.22705986271668724
1329.2895436963192,13.846088016491048,22.374257766762142,0.26933032275523106
1681.1296595127897,14.764004790051287,24.12365206310777,0.28918533302604177
1450.0207445041226,13.18170934850219,23.103583580433394,0.27455948823429754
1666.9610380048914,13.794085165756588,25.917198466043217,0.290125862702965
1864.2570909177402,14.871844169748336,22.50012923584073,0.23886688297452588
1858.861476753019,13.589276762998981,22.55977023685603,0.24160454061842546
1930.2537384615473,12.893987952479426,22.910914478418075,0.27761925676501326
1666.4151188943897,14.069579984055155,24.54864502214539,0.20502342570879473
1674.8050314731965,13.390646136814649,24.501883470196262,0.27585369520914854
1543.6665248121037,13.80650351959089,23.316109219322424,0.2794515059811868
1788.3499176648152,13.861220082650068,24.24440360112895,0.244525436700686
1599.083456246111,14.566483473615772,24.754346431066207,0.2389120294239872
1527.7115153817576,13.765948218142578,26.11264756606109,0.28036999290607967
1817.2967344080841,13.545139270949846,25.026809748362417,0.2606848975838394
1669.195607550553,12.517590940627805,24.291319913405857,0.2107798158048689
1421.0502256996522,14.761942195142058,21.645745286088662,0.22271545062581496
1876.746849521119,14.646872485454255,26.057640895323615,0.20506549532248125
1971.233568461036,12.984139344919436,21.946116239785646,0.21725959065332023
1343.142360294558,13.934214310023535,23.675727590220024,0.23738145368018343
1841.2942231049637,13.415801675282669,23.65164588256591,0.2851376859870924
1830.6053001214857,14.26947430755491,23.954524916340272,0.2755310842860577
1945.7945947847227,14.167307855464902,26.359541314172247,0.25249933334815355
1517.7002161138503,13.543802202590294,22.581495706370667,0.20189572279456425
1611.7683924207947,12.603610055657125,21.71055008982673,0.23782603042735886
1324.4303724546062,13.277339435678979,23.412752309207296,0.2625079712296402
1360.1911828731968,14.697961442477112,25.257416199846904,0.25659900650930273
1975.3049030166915,14.7322902498976,23.940964879819866,0.20628757350935398
1795.9840844683836,13.770401350474803,25.982071275267494,0.20771105129449807
1719.605864878086,14.86159337070405,23.62541459153325,0.21077889155882254
1508.712077145963,15.03398829751092,22.603588367459942,0.25591543233291475
1702.457014578162,13.382420231586776,26.376204307786594,0.2799536219973114
1341.4493837519524,12.809804808693587,22.790507381987222,0.27409518476907246
1571.9766476860582,13.629508394743135,24.245458786397364,0.20666370542332124
1456.5242329116966,13.484139107331806,25.359758654244008,0.2932261044325132
1709.2053359703684,12.660556879854393,24.074576853567766,0.2763558310684655
1530.340617075341,15.000846593267802,22.251137317765032,0.20498099734130487
1472.0311474543298,13.390627276691268,22.972329401959765,0.29765492568501223
1456.809609885452,14.920911014003389,25.690886366314114,0.2231934403932132
1517.5315102906138,13.239099838198452,25.93884988721323,0.22898020322710386
1595.463473521768,14.959656604143735,25.845113389099783,0.29683864569716406
1560.8819222629943,12.969600118252501,24.260415717899818,0.25257661598368314
1649.8578201638559,13.682851177512362,21.7307105867338,0.22830341499316908
1638.6288960050897,13.268699709045155,21.632265178013263,0.24068870526356761
1535.116316167178,14.937251225071762,22.7559380313619,0.24572881118422676
1679.4175936048814,12.842048766830942,23.924544278315448,0.22166585431530433
1557.6944331759732,13.792626584160287,22.104438530856633,0.209136062915009
1970.4915692381214,13.561565845802676,21.906349874851326,0.2011787474931735
1948.8679660457535,14.198322058162063,22.20012558189922,0.24935262512202924
1853.2177884197547,13.937332451623611,22.179588476698154,0.26528157152057835
1519.522374183451,13.708425046968602,22.896273300467197,0.2614033509631946
1562.0376477641398,14.138571828629347,23.010662902316522,0.29074832867819606
1852.023278694854,13.908476830991045,25.610527974788546,0.22741720708987292
1543.1837186154899,12.743889740765544,23.909436508328522,0.2630833247075109
1640.277762289182,13.77678199478657,24.118573156792813,0.2035437936594955
1396.9495020015054,12.682797923142981,23.109253046480248,0.2805627331597849
1439.9194315568834,13.925920243332392,23.97920412109111,0.2599461322768785
1360.0043477661704,13.561649527066617,22.883662870651168,0.24312420143289803
1963.3716026827994,13.123253143082712,25.12886810970714,0.2537416760600488
1602.4236959959433,14.07354015288485,26.062800933336792,0.23678029908209783
1818.0969782473592,14.06731538686891,24.65166045355057,0.2800931588758894
1700.9678382374016,12.690639127641159,21.851335412918164,0.24566322763328255
1966.5993172868311,12.747382599085766,24.958719826258754,0.22762044794397082
1853.2661175142057,13.331383146199165,26.290348083524126,0.2722014023823715
1972.9110343145758,13.543154887896495,23.843674469278167,0.22000486006544642
1533.1369791006532,12.888235617446684,22.90271923318623,0.26531889585569207
1540.7806159715633,13.19587714070157,25.204385205018898,0.2146987773419994
1546.5978023350888,14.739692660222582,25.207392297808966,0.21794071368233525
1743.4895800825097,13.424534520240034,25.347416554916745,0.28338799741001125
1610.335414362053,14.12003603924015,23.917071300586734,0.26906131476345385
1652.8553749608288,14.66082559510896,25.600490606728748,0.23073294370919775
1865.7825702023297,12.827822900888846,23.65528494473525,0.2152733427659821
1501.353218886903,15.120020345623178,26.19949553718989,0.25042556539575067
1577.9314102964825,14.082110245404802,25.24718844753634,0.26505058110409274
1889.4538536973948,13.395243031373283,22.283560289624816,0.26033630630365623
1546.9056733402683,13.68594446109189,22.250761545625767,0.29231964320332643
1768.6731526390558,13.088662698101114,25.382042662318174,0.26779310738978646
1410.1805274206902,15.247836157446118,25.62923076481587,0.22396083309613712
1834.5410568519283,12.631231381773398,23.765547503693828,0.28021818599966997
1535.486064058285,12.668198163028247,24.977387291506496,0.2864890379525868
1588.5906983618884,14.80945347205871,25.87450489422096,0.2002625437987398
1326.9016029007855,14.710151680858752,24.847353656478507,0.27505239060323594
1404.7875342308425,12.886125873551649,24.6856029680807,0.26919511582927147
1801.1829187939527,12.791077142695643,25.21644453122161,0.2593914357946425
1340.8185057808887,13.828519734630406,22.578488271405938,0.2359715526376274
1767.4154796857906,13.628002599694012,23.5479060051955,0.27081617635545135
1403.2535831765067,13.307384603465763,24.154831722822127,0.28304360549981883
1888.5763017076217,15.15119997530002,23.449508627431943,0.292539279079205
1905.0429927085484,13.99436190309026,22.354426507699614,0.235715594538582
1354.1119478187823,13.853855083008082,23.449336415075557,0.2504655122360429
1768.780715145749,14.47456420740685,24.78511273284768,0.27750725131324483
1912.584119520042,13.846854230066945,24.30579594782748,0.27735167722081705
1353.604476555044,13.854064462228928,25.634153568700405,0.28534949188491354
1350.2059225432422,15.042189039674199,23.284875974904963,0.2731312315469336
1906.6259772955054,13.885350173794127,23.477459438407802,0.2142522093612886
1495.1057073546729,15.181666953546511,25.032911629237752,0.26956547537722403
1325.5116218427688,15.245625134063907,26.071273272403232,0.2801950880782563
1741.2806299099118,14.154646509682628,23.409666512521717,0.28658350568962526
1425.874800583355,13.656339149167994,25.786846994602364,0.2477321540141289
1659.0012413615616,13.510985573315182,25.361033566983785,0.24372088511837398
1773.358728723238,12.787758087817004,24.134876893211008,0.23241804481450354
1669.5530088859914,12.62158515188706,26.203329570934045,0.2468852261309888
1458.155723830664,14.787005940687871,21.885716781735507,0.21206834479420045
1937.037955570333,15.21925216821427,21.84147690210268,0.22019937053246785
1489.427791778169,14.630155255720002,23.618839705659894,0.2680962267119751
1551.939507610441,14.859586680483602,24.41119681138064,0.2826632274776939
1494.9250346125157,15.001424188577255,24.09729952826042,0.24236399331561304
1853.5495737087554,13.603078020893422,25.034275717480533,0.22598013062661557
1782.6759114366823,13.137197244600136,23.99134169010122,0.25593131012051024
1345.6618259618997,15.116489074547115,26.3843649222997,0.26345858816204526
1948.020132919388,13.331276806409956,25.369464962644464,0.2858212116383874
1429.5224959887973,13.476437251809154,25.645650276595727,0.211591768427474
1971.5478793703894,13.199245948121083,26.000531153259622,0.2884441151210867
1882.4246255938278,14.257896989191492,22.345785580383538,0.2902528642063175
1404.701722474203,13.281076326027701,25.540388065035383,0.25107088922489085
1721.7225563351756,15.067385058154443,26.333995422205035,0.2467756030685453
1374.7507548899725,13.858207130330085,25.983428680287425,0.24593888698609834
1350.7904186103076,13.128685572861096,22.533977930546687,0.27100560462029905
1842.2956598090066,12.920779473249098,25.677148077240627,0.22987400650733814
1483.6368506208355,14.929170501352116,26.00032172084428,0.21867290694960595
1393.5010954785635,13.140223099233562,24.296687073675372,0.2859957168360992
1334.5624404868465,13.79737638115646,24.551455119806143,0.2351230821746166
1671.408607817114,14.902569417981152,21.67585773706606,0.29119001637214564
1855.6111103527865,13.163685124431781,24.08520396471757,0.22283477472425586
1954.9071628011257,14.679666099250335,22.396073514912604,0.22606104566322568
1352.3180113289752,13.043763081018156,25.658230620134997,0.29778382941924064
1809.178795599019,14.585645777248521,24.18761961454455,0.2804758525477733
1478.3526114788663,13.278786735127474,24.089442931555546,0.29257828764758925
1623.667473272904,12.833762864008687,23.16461770957009,0.21079285214956284
1925.5163803221421,13.536848837163747,22.3982319590467,0.2532057144003334
1504.9527744112556,14.324956364562969,23.144552190315228,0.27687697758174495
1923.9186990709209,12.665538242069475,24.260301824329062,0.22319463838675976
1915.3102386905653,14.958359469067068,24.633893288727226,0.20769383853439455
1352.5697065737247,15.144852059941494,21.9088907517002,0.26312894538858483
1834.1892486028808,14.984932319791717,24.678045233791774,0.2517426226481309
1634.1527984099969,14.174314347996729,25.33768268826018,0.2678869009779944
1334.0303542781348,14.587481504799934,24.20263647307144,0.23794169099879037
1441.7455975435464,13.473516930594604,24.30785820467995,0.25871825145473326
1357.7609609020278,14.054104793128367,25.22896189293551,0.25318737964714033
1704.7785619855022,14.881362848419723,24.961580153805173,0.22934041045759532
1618.5048418207036,13.59894357948347,22.99760679920686,0.29954934634756153
1625.443010675479,12.643112959248542,25.030784101831884,0.22345786415585725
1788.3340967988183,14.92312412322521,23.97320256958652,0.29753203942260714
1829.2273709872707,15.17278753506061,24.195926038726146,0.2674154608063391
1453.1179062841666,12.739817774861873,25.42275362519107,0.2462375788187366
1874.5374551995671,14.259333063134251,26.366689219803934,0.21173358857197117
1971.728913764729,13.365405896338444,22.092845821636867,0.2505521292686754
1769.1980492063958,12.69706618115821,23.131702798309682,0.2854960684742307
1680.705752928742,12.520655986554566,26.110447308669386,0.21982148236293203
1709.3733444773193,13.857400806188076,22.091985722713172,0.29947115161958837
1387.2769872626752,13.298492914848993,22.333290785449204,0.24810548244897598
1790.7267793575027,14.539867492122863,23.79588512096708,0.24954213823952806
1874.258103878264,13.988757458035503,22.07685558840771,0.20632325203766383
1730.3160080579055,13.184259992458447,26.389212611998218,0.26882601393748184
1444.8343573373577,14.218500214889845,23.23057576365322,0.20024896127784506
1713.3472434740816,13.568245325322701,21.916139918996286,0.2559792640049347
1547.2110192301539,14.562021679051975,24.023232810690146,0.2572198294792899
1693.3402525693607,12.583434897044265,22.48353136117473,0.2188908096279835
1490.295018881787,14.296292035150493,23.263605174951874,0.238568646289973
1804.9730235122058,12.81512854286347,24.52992068491767,0.2498781341624316
1936.6015995595294,13.829064633075609,24.241352136237566,0.23786874056454804
1492.1728122237091,14.419132210383948,23.958362208699274,0.21688285659358658
1600.2321891871045,13.620755074830512,24.278010769984597,0.2553964032699389
1327.0208282151746,15.092751745285508,24.75874191950321,0.25465791359289497
1609.2183659430966,12.679761398607322,23.30760460863905,0.2312200835982742
1883.0983519367726,14.372942214847965,23.318145130888343,0.22065769563204998
1353.5505305792954,12.866848906580799,25.617173147899816,0.28776307596759776
1729.5876865177186,14.757445499369458,24.132072709825273,0.23004515427210684
1633.7091725952228,12.723124636250036,25.405351059300187,0.29232226536330497
1590.9555130509843,15.051981302879584,22.469581376694705,0.24455262686477663
1778.1845096064787,12.578494174577003,25.538171189448317,0.2602863965774656
1655.4358199456624,14.95915459327475,23.104862894228887,0.2798799993597609
1917.4625853353687,14.645438482990711,23.36234677381248,0.2504118315084734
1676.2904371580619,13.386832754560618,23.255269593140987,0.25336193651366706
1379.0688140880204,13.95063481760317,22.10286066737299,0.27467266410414237
1346.2254842361544,13.566173743413271,22.021387391743975,0.20831683864833903
1789.5474623544023,12.624292652553185,26.07573844907027,0.27843925814013976
1816.5297952663918,13.88704712561822,22.849654403033224,0.24145511820632257
1530.7373199937415,14.736380102628756,23.012238865336,0.298680456493431
1568.8412858064676,14.991885859827383,21.644980080620787,0.22163333759460352
1462.8644195915676,14.035478616176025,24.34753135361585,0.24777321895063348
1931.421629060323,13.326416687359865,22.698987547213424,0.20958822597280535
1716.928539969223,14.620628228571045,24.35454808689139,0.20467191391090425
1471.8145965096448,12.791419294390371,22.418936280455245,0.21231144568876714
1378.0963158106779,12.772160349391124,24.35234495839405,0.2587984191189391
1882.6249990174254,13.518783292993346,25.477813480305745,0.21864298493768738
1468.7291979959764,14.555255261092647,25.46305480576368,0.23535044373490246
1927.7230919081787,13.075650826035348,25.695810345913785,0.24570366440636415
1928.2069532411276,12.957648937130674,22.510370986384885,0.2842557548648281
1367.53906462443,12.905787616642886,21.86295666347824,0.21507732835944102
1437.9580037930439,14.907098811067376,25.30438124128086,0.27222604002868406
1732.311242391884,15.037845695740412,21.974043007924266,0.2130681058170945
1518.542642589433,13.016696102820855,25.33787482142955,0.29954104186063585
1812.2403706774094,12.77455280863603,25.887374372374286,0.22869445195960145
1585.80271176137,13.23181568260811,23.227629003890897,0.23058112745793058
1380.2286728563822,12.985789941059902,26.103634566913378,0.20599329322777887
1401.872248388019,13.860080446726688,24.56967260053959,0.24780204296944414
1412.6767037408908,13.662693112841046,23.97190603882878,0.22563801941295467
1890.0706747750705,13.837969066091384,21.819706039340208,0.25804003780963175
1594.0170620784434,15.185066445805312,25.21233792169375,0.279786816401859
1904.396618943263,14.283995186234206,22.127218423276226,0.2721576758585885
1337.9891899081047,14.684328776593036,24.352649692923624,0.23752623300115622
1485.1290662917181,14.964276718073927,23.8041166069832,0.2922474218311183
1537.4507494837922,13.197111749760554,23.876247100296123,0.29783514161536895
1662.3596343690344,14.872967008330114,24.39717577282529,0.28742511840051094
1507.9079061280274,14.688999134667654,22.22832017056116,0.2047718571053359
1693.8777369650277,14.031753540599965,26.045688108935877,0.21384003474678104
1327.9497605182926,14.826442710694982,23.423846701243153,0.26841479676119784
1404.5267672925897,13.95885399584536,25.93471604589195,0.2842665209495424
1812.9890967909732,12.53420682542641,23.096575445713803,0.25433111604095593
1676.2118309305745,14.941009114611397,25.318428818809736,0.22893675109008438
1850.8540286242612,13.239014837360651,25.428268878591236,0.2513196069149759
1706.5383232606343,13.620588822982139,25.115105900347306,0.2929990485155469
1600.8793903456049,13.853308963994701,23.997864848533187,0.2485733757928303
1954.5139002801313,14.170435751924506,26.072208488854155,0.2828879128161577
1584.9019029792328,13.454269423120243,24.711868073936913,0.29050079013843977
1468.7036720618512,13.784033768000771,24.868358404644315,0.2785325637115289
1702.238184145221,12.993330788659541,24.44936229008156,0.2853792682000878
1884.2937474784042,13.358963972135072,23.88143686829507,0.20915786725915508
1818.8972474838595,15.184208226587542,22.73999529179603,0.21996285887819544
1693.3619231430052,12.768224167839307,21.775592539300828,0.2040350337060599
1973.3508644893047,13.544477067578837,23.994675286857387,0.20819972556211241
1600.4634679926494,12.986974554777339,25.427773882532648,0.21266916340145775
1441.4235496156066,12.863494503507214,21.973657810275572,0.2696673529116168
1975.2957248476355,14.807263165330987,24.745322990308264,0.26294011115815025
1609.8132702733906,13.019271432079451,23.842027623549725,0.2483953538624603
1899.6039711642268,13.362734522223942,23.547704000785735,0.21532320310771874
1970.7087255121278,14.465109361833525,26.073056328448274,0.2833936552217625
1665.4293655992135,14.570732369272621,22.99892079798851,0.27522046688468793
1669.4370584707676,14.58242575147807,21.78559773437121,0.29237594473059647
1784.8443032630296,14.521902077509756,25.98806207331823,0.28329165107768356
1937.9655309900531,13.889484923412573,21.861831497189367,0.23202087974675972
1683.4819389065842,14.844807311439114,26.25755673673814,0.24274371866253647
1437.37197261137,13.885707645005557,26.394465499509835,0.29388908688950177
1919.3619663647203,14.85313429592658,22.55115912307224,0.2498877664398672
1617.4410129817782,14.072093539138471,25.53486563365314,0.2408884006438132
1447.320757832993,13.07888353826998,24.099669906365314,0.25429461683003973
1730.0034963920561,14.745813204317846,22.656233676525982,0.256873969753379
1393.9545806188046,15.212186119058273,24.17066441060655,0.29704662673855087
1516.4720934052991,15.214338156217705,25.659986892709817,0.2608546483742752
1961.816340273471,13.006982828280757,24.551658921486233,0.24555900170659684
1491.8589520837243,14.767122120687356,24.959772466947264,0.27784751223473486
1967.669630539978,12.514703966102696,22.988928096505308,0.22631122380984978
1480.054865873682,12.625857281491498,23.742843510808626,0.2325554743662389
1558.1052556714906,14.095013683564037,22.560770416539153,0.2600905821024656
1710.5077557559453,13.60170747857268,22.620736102693588,0.21401362277742325
1810.169639473323,13.977054993089578,22.12650897427529,0.28678377839557684
1856.4233254739188,13.509581065460562,23.83825659953935,0.25659235114080925
1949.7115289714297,13.072584437459062,24.50024797533392,0.23540000035156866
1703.2786124855725,13.080881138171062,24.983428365164087,0.29291309337401117
1407.1117360393305,14.075265741727893,23.81288438654267,0.21341722046872152
1535.1065655260832,13.56572689544466,26.22991477491114,0.28079967455569876
1514.230629840463,12.50243641209889,25.1757290751229,0.2595067720180593
1613.7128467443101,13.442671875807578,21.765787479908237,0.28610908641250665
1939.3704908966224,14.269961420748974,24.613738562112513,0.2997272917842724
1763.0988754329182,14.734923500740447,22.2128712598578,0.21746756748821483
1419.5191754872114,14.175951916310742,25.575970515974415,0.2865866521294422
1645.8185971241253,15.233319803946658,25.212462028405888,0.2140584818425613
1746.0781632654227,14.137711040588634,25.00518108577753,0.21926976019508995
1396.7010548867174,13.556901649783562,24.417337064386118,0.22685620643128082
1514.3734691675313,14.549836784495637,22.397312499019765,0.22631193085956722
1423.9800424618518,15.04335662323517,22.04038840595646,0.23299956819165604
1931.8415004015267,13.035724567991796,23.229790189517946,0.2338686606407377
1717.6464007213435,12.661374182395006,26.31444132159283,0.21056146984748192
1920.3295619806788,14.591558399226095,22.693437553696477,0.2837966136551989
1872.7222833388726,13.214544132991419,25.066318010504155,0.23655036635228932
1519.7613967928019,13.374312265458663,23.96254572120821,0.2300111906337813
1841.8241280868851,12.614500772543156,25.919739818540467,0.2836273510103176
1877.3798660485909,13.689126088629568,24.45239880202127,0.284210073655427
1411.3309832433702,13.317559276072615,24.541396644655684,0.2568800912226085
1372.3889483870646,13.62396814586242,22.088880311318437,0.21375510794744237
1714.6469471865057,15.130563567012896,22.617345433567646,0.27110750301486725
1452.604284034282,14.88100877713314,22.192493545016717,0.27656286427655485
1425.9001134341086,13.120433043088715,24.041488524438535,0.26076068995756563
1979.0525832347846,12.737521453480994,25.101958071681597,0.23363449071376657
1600.4165835378506,12.77508904347256,25.56405035581125,0.25095499802635135
1822.1760796414844,13.763190155614092,23.779684070292358,0.26867278236859377
1464.472996132547,12.727895596915126,22.082776563852555,0.22088929484632247
1912.487331773137,15.155773913422642,23.444787436721118,0.22820057142981945
1440.7081861712975,14.730840344330014,21.737070014630977,0.24543538435166198
1375.7082814179505,14.803669462498739,22.23011080319445,0.27976581009956586
1404.9257586098329,14.290624887091747,26.20426750066513,0.27229337610551746
1322.0888631943403,15.17865279102555,25.26999435600393,0.22855207011721057
1382.4668874806553,14.502449451812726,23.100135365371738,0.26281628786105454
1765.9522229329348,13.031198982621829,24.423952219819483,0.23111456962655255
1752.8224176262422,12.874430019677998,24.068828390179945,0.2689269097777323
1536.352885812946,13.148604516553776,22.046299789478493,0.21343589577412886
1865.9952576276332,13.312098356785262,21.92984323679348,0.22728430923216678
1448.9996015521037,13.75993870118922,25.97847859715454,0.29706667574051115
1837.1783120626533,14.008959580464486,23.66833563646071,0.27765744239408174
1563.62768001272,13.624906895526104,21.63213669333347,0.25760065213347394
1692.7815933269733,14.703094635346494,25.91095596021966,0.2358236959453051
1546.680591963421,13.049593412355998,22.361956367587027,0.27059769259174177
1458.0433380034272,14.674704918445029,26.06475282877048,0.2628758167503133
1927.5750965266905,15.237420787389771,22.470691770957693,0.24190606075092547
1922.198887569881,14.339423554266576,24.89056588066521,0.2145261230950108
1634.410879855436,15.213497772141555,24.225276615145336,0.21686158751132925
1937.1006260325432,15.009668309382354,24.85444615858927,0.2565985569184216
1864.642244028378,13.154308081239694,26.397044357734853,0.25510066526748143
1602.502977949265,15.143185591418693,22.508526601857785,0.24608444993705234
1500.4118561419318,14.400908569036128,23.07925098623857,0.2274594073339154
1617.251569339076,13.509333849725275,25.971983156012964,0.20762978710702526
1825.9039814940786,12.591764767251526,23.017073096147737,0.27693944654321245
1421.543439328309,12.658947538369418,26.396113364534365,0.27189990118179397
1508.8939987605534,13.90684596735947,23.550016400897874,0.21398452021816508
1439.6774069043531,13.177024406453587,22.486865961431956,0.2096510870951039
1961.350745985981,14.448445781216567,25.969129808831923,0.29823158572070013
1831.3349216112842,13.943818359368295,23.212814320231782,0.23015046057252014
1670.9626074832831,13.697630939264114,24.3570283239442,0.2753813288489918
1574.5285914967014,13.351000541240284,23.411901280466203,0.21414645420798042
1528.368400261107,13.937824523330747,22.19797698866976,0.24358674690563298
1353.3679430545442,13.379367437572304,25.651694030990594,0.2113679108514332
1486.0567946680521,14.035031008326278,23.543098908338887,0.25851882043666774
1506.810469213287,12.574409599140386,25.186216729712115,0.2056604296177062
1457.9756751236516,13.241426544532105,25.13994238801338,0.26855521973643454
1448.274648430531,14.611393065019621,21.70977844710323,0.23263041146257854
1831.3392771173885,14.124486152520296,21.977599477115433,0.291289208652685
1578.0041071254118,13.344954572244905,22.329022564989017,0.255048432298528
1445.6126243442216,13.341256104915251,26.004070199067982,0.25768748187815393
1910.0249156943526,14.95586110600996,24.32755255181857,0.22183615421009042
1811.2362932786787,14.45950470406267,25.287841771311985,0.20529028299958343
1964.403319269599,13.04254136524058,21.90016721870343,0.22965920259914033
1880.1078096460933,13.727652796954182,25.94301018522178,0.20421963030785886
1341.2686205759846,14.374071402264468,23.714619352477953,0.2852665982123368
1960.8397444263537,12.622205504472532,22.64005755153829,0.24298457281955266
1493.5725033399874,12.99330263481159,25.757426676950818,0.22779798418860442
1843.8479577828718,13.147028033852205,26.380511214216412,0.27823526023359485
1340.7770120221917,13.302900227363862,22.423831029179155,0.24587717990673288
1680.736904175433,13.737449946362915,24.243580229963694,0.23083952819656592
1354.7444859423774,15.009426891162358,25.891805111209376,0.24833282648918625
1398.40407756055,14.326438163998755,24.51102798347964,0.23289556540975767
1820.3640128997633,14.187924879729497,21.813269280138467,0.25101321201904514
1468.7129053600615,12.572321816382289,25.058448656804735,0.25442309265561297
1797.997677023756,14.439549384386929,23.395634889800647,0.20868685634408
1751.6038471393274,13.716045700755332,24.478697003269925,0.20430087516464074
1621.8404108862198,13.177782195455565,21.6308358957548,0.2813435304943532
1825.635051698301,14.567818312029667,25.732009269041615,0.28909433944970025
1884.6395168915647,14.289312728743187,24.214133482844236,0.2587297125623476
1894.6756084788046,12.716067313314518,24.491794068484374,0.2070571625054159
1382.6433202519595,12.648669696071318,23.92037989760978,0.22474791336100688
1747.981834648205,13.252226344288959,25.813026688271712,0.2961046299971775
1842.7389160969228,15.255135256998638,22.639369616147075,0.2865789406362961
1450.8559614604044,14.970017774485534,25.503938940482044,0.2226534242664718
1758.9408644032558,15.004461573871735,25.5447864465255,0.27264819304462395
1677.867663994089,13.669115043324107,21.700260186279387,0.21736482342447144
1624.1818635127745,13.488700938563635,24.573720981090705,0.2396333998604266
1459.7601909481289,13.994801844461913,22.25551393906534,0.28025589293993547
1853.4603183371748,12.706654938524784,23.95926017647418,0.21781305981831567
1739.10198265711,15.13110247330147,21.943912247449877,0.27709395176532475
1382.4414045213728,13.817460484706885,21.724244195249156,0.24093677794391555
1761.4011126625207,13.25478632709717,23.139172701586435,0.28309277723665566
1486.5453070855403,12.84098117948569,25.678141094765053,0.2260399191168023
1443.5872902367391,13.523715340479388,22.551728235530497,0.26481266683486454
1972.8216510445702,13.931529437674392,25.575129692513165,0.27261844081208053
1554.9965465287505,14.596269540943103,21.911172116701195,0.28029915478701195
1938.3789928029873,13.284701060088825,25.240119900011884,0.23601052894916544
1836.6609581807083,13.557436337146175,22.746644216375447,0.28937541567799896
1626.9155914592116,13.417871717568948,23.838315960038653,0.2117686594534578
1619.569454077869,13.295684695688394,24.52157597217261,0.2564877561724792
1757.1829577091364,12.859547786875698,25.891860089119177,0.24618922787874428
1854.1961492877178,14.23309425712597,24.673703071512904,0.25190342747782085
1597.2030635764227,14.091208078833581,22.16905538301577,0.2586502841789553
1569.6779557295101,13.64397919233247,26.26015732582201,0.2641717073372567
1943.8132455871498,15.097806894827558,23.486905677538598,0.2968870156864707
1714.9663638604545,13.543282582311432,26.2587953628798,0.22336458223535086
1591.5066508294124,13.853068548234539,22.351612459222945,0.2983174529331027
1915.96436830166,13.547046850260353,24.925856228750007,0.29359419739245357
1407.1589251945902,14.298360653352967,26.379116668402787,0.21543868363228494
1643.9046531757358,13.486747380698338,25.428069681539974,0.2858847075276919
1432.1869529127887,13.452877890565356,26.142925451770456,0.22082281181815075
1856.0952797108762,14.194125548262067,23.015246378137878,0.2932783213155548
1870.0808711006046,14.357730788341376,21.894249304380594,0.22543264157969695
1849.3585816926352,13.201767014589121,22.073040131681548,0.2826876598009103
1435.7715830643979,14.170892027227254,24.530818321824924,0.26420487747900834
1946.4085565175953,13.656404400948192,23.74391968418876,0.2519610803374935
1406.9280755238788,14.879437215712924,24.94302343346091,0.2103973612242037
1366.085017571849,13.925367923888713,22.00847022633485,0.2552181356362092
1872.8635996227365,12.925359561648495,24.56310923011197,0.2725371692818229
1429.6661092629092,14.859166055853708,22.394080215589778,0.27492182465357573
1676.7490220406694,13.511190173681742,22.776540028064478,0.2798773048585551
1353.1152677578893,14.902438265174807,25.047431793616354,0.21136206030567276
1910.6531362260423,13.215019807955722,25.30640203918724,0.23634779523440216
1529.8842599439517,14.275398780762954,23.455848608733792,0.2516582525943389
1386.6037799966812,13.202253499731691,24.88620495599483,0.24308542761887808
1890.7038341058428,14.089446552777622,25.031296848840032,0.2391527003642328
1907.1698973405496,14.673457057096826,22.767327685428263,0.22059528850730903
1398.9347101646365,14.62755925740055,25.518195430682198,0.2969407999306955
1555.7875327158342,15.134711517074837,25.995608681705075,0.27414187744756563
1517.5162326815387,14.261495555261014,24.540347033964096,0.2977395663738532
1475.380950404228,12.68411731268107,25.22607358955973,0.29675046120308096
1869.8660853471017,14.222275548568742,24.6521618335803,0.2057229143047155
1447.6080571381128,15.146127168643005,25.762051399215185,0.2645361977684544
1497.5034049288304,14.121575073359473,21.789720121557938,0.23637635013729602
1613.8152316973853,14.241427558512862,26.235637904561464,0.237088217938555
1674.7416488497083,13.474256077256552,26.133614808785456,0.2365678040714284
1684.6317746091656,13.151517319981428,22.888291797739956,0.2914912937552353
1586.9142225613468,13.03791931097742,24.504370751002295,0.24203975865848992
1816.0435239442772,15.23819724784878,25.725282948608037,0.25936843563879486
1812.7913427927076,13.76983299154467,25.025335248083792,0.2072569455946698
1568.3331742626474,13.997746940529085,24.32150099639989,0.27240155196703975
1445.993953301518,13.582823209721749,24.74371072758594,0.273671116835981
1869.6966369728352,13.825729010624638,24.476939610354492,0.24831463690659283
1915.7170132814147,13.130017309004542,22.208585423053677,0.2951673972780027
1431.806673538847,13.378105972938402,25.12546505192676,0.26388451819564746
1899.0439785364345,13.61749151243264,23.795773107122475,0.29963135871127516
1867.0773932693178,14.664101041124653,22.923384173557515,0.20655155419233096
1397.0058342696443,13.530588236762382,25.675068705816802,0.29903679175363435
1383.5227281719713,15.055171632859048,22.328057989889494,0.2492550271554701
1478.1822451593555,13.868486411357129,23.26909561953384,0.22057850289732753
1609.3149170587774,14.251103109077242,25.25974948559849,0.20096981261891161
1872.8918059718906,13.090543604606355,26.21775065628643,0.21564171396228116
1873.1268862005584,12.892158880803732,24.142737016081497,0.2961119853052634
1440.6216476454451,12.506627558292857,25.6323151558276,0.24734019846317024
1440.837941228237,13.152110360649075,21.71384183198271,0.22015723045029592
1464.6501312522591,13.550924478288616,24.827072226230065,0.2317590754241756
1524.976352726611,14.003307301022865,25.720136082655824,0.2092515705329853
1901.0386269721955,13.261823293342252,23.735934036495347,0.2733850265502138
1657.241475489074,13.015633356339585,22.698998748191293,0.2180916356269906
1874.4301568070566,13.624013990526814,21.629098583182596,0.23276553241605466
1556.1836348343634,13.205158282652205,24.87688379361042,0.20011945357429364
1436.4752761605914,13.703111416979471,23.80762921569205,0.2167962164866293
1858.042418497118,13.89767772134392,23.84291036411684,0.28337144080600646
1768.9471518332357,12.819322111637382,24.45506108089613,0.20794417594951542
1563.9246329580876,13.074461457232765,24.397344314406034,0.20523118504850257
1949.4570725303015,14.120218315006394,23.425232283020307,0.26833001550189695
1396.47954887079,12.992924030304634,24.771352223053288,0.2038289638726674
1640.6685301487628,12.880455178085723,25.206365041733562,0.2861063338073785
1516.3318863471209,13.535575398588065,26.054897451326838,0.2873722117045269
1666.0044168016652,14.050370287923617,23.164036719312328,0.2720493213911679
1867.2364232607547,13.266818250230074,25.77882832843485,0.2191535913920842
1696.7457196696448,14.928207645655984,22.538171608640038,0.2828122354577002
1884.9970149644512,14.42822128961344,25.3328104064864,0.21074244967256306
1674.564102983033,12.925929355307847,26.08399262223005,0.22290234606590886
1473.639771370181,13.471388999771687,25.901801629796836,0.24543386070290338
1539.4738769691362,12.92915275506612,25.67780010839084,0.27965212564241704
1397.9803082066665,13.987667433788511,22.45893645599348,0.29034092907526315
1959.102844943107,13.390120521157279,22.677671718102353,0.20471032189525976
1688.6410418147566,12.8345909053103,25.439292781840617,0.21131813228803384
1857.8512278741393,13.902068179928825,22.181130784580482,0.2249904393260351
1675.9538192088207,13.900961338277517,22.699184001478734,0.20717797822970163
1636.0013721979478,14.750822536249993,26.30687717368833,0.25404470006839713
1559.5005215213066,15.036058053435823,22.55444042057222,0.2399308532338734
1584.867142519334,13.150636016925937,21.983996893095966,0.25041550331840623
1592.7011928514999,13.012909162648318,25.005986361350605,0.2508215059508799
1865.070772868666,14.374489989550838,23.699968080879188,0.23223312640851146
1711.1855185760571,14.463980721397386,22.87320633677684,0.2552889284725505
1705.5359225850755,12.770201910311687,26.296051408104464,0.2358255215529841
1803.405365928051,13.986265046393266,25.363337156593094,0.22594362439235735
1832.8788126851734,14.347862688124625,21.64070303735662,0.2572263530639376
1525.4884494954954,15.017061318784164,21.9073075183343,0.28220637756139805
1877.9311906145806,12.660780533484136,21.817622737732925,0.23292019553812462
1534.3570785391796,12.581746632673216,23.61074487165226,0.27054788522501916
1881.1183967115337,12.621580666736461,26.29667645755756,0.2796772646801161
1568.3899242440355,15.023628666354025,22.791817369920423,0.20812586482133993
1721.920227234659,12.583981457418744,22.89939055421613,0.2882240297356776
1933.9642764290288,13.262671694548676,24.776308188807754,0.2789795315326546
1366.3672692396628,13.650369651674536,24.539225357147043,0.23658544798797318
1913.664671834298,13.217245507652272,25.574049635228867,0.22208198442967267
1584.9148762796358,12.687362442075132,22.04228772906086,0.27926924182520674
1793.9919585793002,12.59408574988866,24.799409075312006,0.29351105726241883
1746.4210838619954,12.633025729180318,23.904357857775096,0.2940110392156127
1499.42388778712,13.308244891167945,22.7968599117189,0.2251064881378322
1516.4366399415678,13.873568329201431,21.778267924319717,0.23102541159240883
1673.5546655362473,14.430531500107216,25.738898272555026,0.21636611251721782
1367.113427039015,13.075303231960484,22.635563825638275,0.2875657507643274
1633.9744101470894,14.065573859565074,21.803383813182098,0.2327686646670061
1846.062684680044,14.008975823574755,23.9441747839895,0.2726856116573669
1734.0738052392046,14.406546358006196,25.905312224579784,0.2716088915855117
1459.4623296793898,14.481018254847438,23.1098474293191,0.29099683097880086
1675.8693644095404,13.366478771110591,22.12087078735365,0.24419683164239125
1418.5188672153952,14.287188346037466,26.217807015524233,0.27082295828876973
1560.219841710947,14.532413607817318,22.490594997926873,0.2808278856787551
1582.478087198038,13.359126219294309,21.601959200064893,0.2783180569529582
1361.1336334462126,14.822697533677484,25.87628104023525,0.23631125905783082
1874.318491054589,14.670781707045753,22.629279641984695,0.2278234351713457
1658.7162672137129,13.812545512690871,25.755249525894914,0.23304735786058903
1745.8305951692903,14.330055111492605,22.150070557080078,0.25466466348839656
1950.2124648645301,13.430059551431961,22.862452499585327,0.24057652159637244
1908.7403280883111,13.475438799240292,26.204561937315813,0.24485709944710515
1590.7833837479789,14.23995931167422,23.91208575176657,0.20342467598496725
1578.7692121534549,13.48778534448248,26.24343553035662,0.2460808361387965
1541.0960272160783,13.495837627782656,21.821419922068774,0.25698240033626113
1546.0757048936598,13.978195552034292,23.89317849926202,0.25120125480394123
1557.6861621672247,13.2099275436595,23.62730002268463,0.29573385729099966
1325.7025955979286,14.013541100520118,23.558273270159894,0.23203190441644214
1599.184349457205,13.156729205370898,22.64217253092807,0.23656743203619288
1573.1709874047742,14.645883717615918,24.470326535339684,0.20923143615820627
1784.9696781290365,14.195952862735485,24.26278851911598,0.2200830446281529
1333.8350410741104,13.94625907369295,26.333082864332663,0.25297556208924954
1618.927964210977,12.887326586489545,22.732444394993117,0.2088011867832793
1820.8214950599568,15.08125812828278,24.94141787423534,0.2410157634154843
1496.9056203753496,12.548295983860854,26.279942191244164,0.23711720923533677
1354.5126287602607,13.70638875236543,22.427885121616054,0.286709492962046
1853.8893032698768,13.73946840130386,21.641432310763456,0.29867555927166306
1361.9984206736558,14.893969216744132,25.641408012193985,0.2625681095215577
1655.2684011779752,14.07373207023224,23.067298994888915,0.2937027966945727
1525.1374826017068,13.223191947986223,22.304111407170026,0.2850630029209113
1685.4945983843709,14.106321152842428,24.39926950901318,0.21265908092841793
1422.7641510511946,13.539326761883279,22.474992956195734,0.29729719982880864
1699.5920783028641,14.432168812206644,25.11364477699296,0.2807259341907025
1514.2892424366012,14.54278105760561,23.818000388095758,0.24626174777400256
1912.223328351486,12.897469416872276,23.222124818974855,0.25919846473745994
1776.873498082762,15.104564626466189,24.603935286249705,0.21764078616511537
1462.018759854495,15.253252125824254,22.108700974759348,0.25637924191068767
1506.6816325250156,14.244032764837378,24.485477842299836,0.2903214388934976
1448.5050307834301,14.297425875156772,23.827171634657095,0.2912975489191684
1944.7100803038063,14.132302920797411,23.537596742947,0.26626750044979497
1879.2068148179965,13.633054256716465,25.42318924336199,0.29474040385772665
1820.9171240179555,12.818513685068389,22.9687833881338,0.2485041222823811
1436.125304202756,14.711518353281278,23.493801016092565,0.2726208834286856
1471.5324232614896,14.376151951777096,26.38660379617839,0.22266923434492347
1386.531037348045,15.165969183852308,23.158706606767954,0.22275579732262318
1514.5161897618684,15.070336527457503,25.17580618684041,0.23364914082893007
1364.1235461596468,12.65804369282053,21.98992498520458,0.21917632889889985
1726.5574235836966,13.430919122209396,22.68325675323428,0.27112047087802915
1572.9182545519443,13.69158808137463,22.94272244188189,0.284164352822452
1640.5503777401912,12.58055108169805,24.321635417086753,0.26500583990887894
1957.8304123289738,14.959539241307729,26.10245265583316,0.21488306841247762
1552.0857449970354,13.161357452976905,24.817221981470595,0.22185126642328637
1855.5877663295441,15.025420603032723,21.808493591115457,0.27288086854150584
1783.4030130501617,13.225716941427981,25.93494940383916,0.2136484084567723
1868.7847869202767,12.610326363550978,23.195708893142964,0.280909727721741
1910.1279090417618,12.719946149408617,23.364943263439155,0.2406512383975271
1445.6798435945984,12.802383333067205,21.848067317910857,0.24231752883073632
1672.9672822238738,13.392862034985654,23.384979417128132,0.28744146173309965
1965.95767440734,15.025380862911119,25.56817691662562,0.2367547362113585
1423.5239215464771,13.685659351705434,24.42834586720271,0.2293636567307919
1336.045181806831,13.333781411545464,23.36187861490899,0.29374643665214856
1481.8253130593794,14.446144773344136,25.493382570120623,0.27961639282827055
1956.5114713365945,12.90479160528958,23.997707096462836,0.22063779611887868
1830.5086197219302,14.448858962617471,22.119021696898674,0.2156682111145287
1509.8654452345222,13.736622487442595,25.86018983993893,0.23537048688168247
1574.7875591316235,13.620149831122832,24.73949331321742,0.27293128761366264
1516.1893999764288,14.254791684074275,26.393295717061292,0.2501517122637747
1554.3207605351643,14.24942300784634,21.939045005785573,0.28628431401927334
1429.6857409091815,12.565345183134303,24.39102259221079,0.29143867558694786
1321.467673329182,14.160097595711617,24.708141089852358,0.21267017516755707
1466.1660029070329,15.079084795206878,22.30108800277082,0.2719403493570835
1584.2595376869378,15.04763768644496,25.252394655378975,0.2399079831000896
1918.0026277855254,13.081382330746305,24.54110880457713,0.29715245525518524
1516.0041877714866,14.229530102394971,24.323104179612333,0.24600850763463403
1750.3264440602188,14.759335098926988,25.350557873097515,0.2801064070148168
1523.1005931336986,12.643415916867315,25.686894890965853,0.26217531571610964
1679.0446721337844,13.996003601393676,25.502463685711152,0.217873619362388
1612.579298661845,13.974055298818739,24.681835794254283,0.22616002978191804
1439.5889850484702,13.15628074056712,23.6870872129849,0.2615738389986081
1401.7128179367048,13.248495740714866,22.375778792733144,0.25322134477516256
1535.0740260883258,14.30921858334434,21.834815766529665,0.20815783248795497
1597.0574168966239,13.57464676620319,24.649978445348232,0.2579754399439765
1742.7924172825851,13.519790063946182,23.64992539743185,0.2928967266519037
1551.9002158791934,12.910603981344472,23.563893320052017,0.29789536151894114
1514.7655667357587,12.559862795020969,22.72454801045128,0.2583641876528212
1600.7093842611741,13.521415372085105,25.789289679153224,0.24235458179160788
1615.8532578953898,12.676712881552104,26.182951282840612,0.25734627110042674
1647.8352587558102,12.999554241862576,24.620654023016463,0.20000160873197143
1767.1003438558555,12.684905565154022,26.26313827333064,0.24967400754837826
1809.8578906038367,13.838504018930138,21.653951662126964,0.2384519122258446
1555.1143039642407,12.892398441157411,25.234892951657635,0.2501530847890241
1805.0244439021064,12.944191849705057,24.836763275417038,0.2878910735305675
1354.1850672845082,12.881614651566139,25.77703771586451,0.2652463484612968
1454.4086400087954,14.769984031329281,22.129905646521294,0.26618749029366556
1953.2988145756046,12.645015296794398,25.23739821595093,0.251825849665682
1462.0698109845885,14.56569936420799,22.984507417317598,0.255803710697518
1328.232994071555,15.210590897619271,23.163014666306402,0.27972217901225904
1803.3312858591019,13.539276382625953,26.114489485855167,0.2956698717519559
1441.2194520332805,14.197986331593196,25.808544495004003,0.26234060398399134
1553.0951858624487,14.669231353664664,24.834160834046536,0.26901490344664686
1591.9635049056465,14.480200680336118,25.73763902578133,0.28017767854735426
1878.1635849891732,14.894261904258297,24.177031949049788,0.21263722811923574
1764.6518948919527,14.249623476449932,25.36227115755773,0.2926719022996477
1424.7981482151881,15.024687247905488,24.231745920862906,0.2960627192016843
1403.0570615676302,12.784790464973307,26.043726237958317,0.25232442278265654
1737.5552338526095,14.81007707210428,26.099284186349173,0.23923274321358134
1915.9622169215656,15.261937990954358,23.678397675202145,0.24195093406469093
1737.2759665502908,14.44372950233673,24.87101058804357,0.26057385683396106
1875.9812373716209,14.11615557727748,22.05648553041323,0.27942363180307805
1331.1708915900185,13.611250875825522,25.985804843239855,0.2818570601519656
1663.4020167464048,15.21848902607683,26.39785980029819,0.2405071373557502
1957.8447022223331,13.611678487052387,25.501446260059975,0.25878843563036147
1349.1866238688335,14.159047678333831,25.279045195427635,0.2565861498295825
1850.5602336413417,13.328649151991339,22.135900685066293,0.2962121448222698
1806.6184279628524,14.641961332604987,22.71671118769647,0.29637991526290797
1412.6168077494426,14.949889562407993,25.118020232868865,0.29225431359375514
1914.5537707737888,13.384167532694129,26.03195562316939,0.24798601275930493
1781.7339055488505,12.766396050949666,26.29497512268585,0.2385029989030199
1676.7707095919468,12.937456822499339,23.324044971415407,0.2691950928985503
1826.6841370967259,13.71484681987725,23.517931711442902,0.28956187773560166
1623.1767924601986,12.785549975435448,24.60668912922033,0.23607845056683588
1491.5862442536045,14.095080940990668,23.436645768483604,0.20198185610384312
1652.74299817184,13.701885257893966,24.13135831284302,0.28695582789895974
1744.7567097373594,13.008796096065756,24.628947560245287,0.2647960936270328
1833.2597005569992,13.256532127357413,22.09673787225293,0.22244067101990941
1884.7838708017246,14.989530321074877,23.728591758769635,0.29471406288572266
1343.4943303415832,13.729918513605867,23.512217932433387,0.26320174893653936
1978.2810202663277,14.149991738977471,25.946230380732377,0.2570286232358988
1529.4889803276742,12.535109754206495,26.13513919977171,0.24554993169009245
1593.9953391866147,13.823935632242092,23.871134960225973,0.2189827086702613
1644.2991963694385,13.660502749779331,22.154673579973753,0.27704357824931475
1951.143385828353,14.45533454486002,22.380877726554964,0.29141878923139186
1444.7204242733749,13.419436072176829,24.41889484154424,0.26057840044983654
1702.3249480887112,14.77930183108906,22.842745951688567,0.2402300084463994
1741.4080202753141,14.794769703651811,24.090580988712606,0.27816997893740036
1485.0684701852663,14.11703065252036,23.5935206665925,0.22088626768265274
1521.9568394759679,12.53905199317038,22.20451646135404,0.28240639616536645
1973.4899401866226,15.140430227151944,22.87867309233292,0.2319457035423837
1659.9704325632345,13.860393209008377,21.765190258940248,0.28134090811061974
1737.372935195496,14.214134062184645,22.84983875180774,0.25377794187092634
1581.4033100957136,12.815055057825317,21.836079905305997,0.21070149671258454
1352.6750379688815,13.927010565845025,21.806851088866743,0.21346790306848687
1835.7764988947872,12.927023747691383,22.117037440397578,0.23297063814973976
1396.126502799351,14.057997077661794,25.030995902768556,0.25398477212968046
1650.9349943496486,14.53740687912558,23.713757834998475,0.2607848064729537
1632.8542167104906,13.835539056402068,24.75692258309383,0.21101489546816712
1806.6022115764667,14.110005318164859,23.00454513522095,0.25369636822947705
1546.4183454174768,14.579221246199978,25.852456589812075,0.297179738854019
1700.3442875024318,13.10676634230381,26.006273362352175,0.2814209899250205
1922.241941265714,15.013535606681906,21.803379240981954,0.25716564532099057
1694.254925418894,14.785644568661688,25.150182720946777,0.29668146999190553
1918.942576947816,14.122359272641827,24.02810831525517,0.2982508957848965
1548.348239098258,15.025920446293634,24.42682316228247,0.21760046654467324
1564.475677748745,12.912820631537377,23.45002436079327,0.20492286778805785
1954.2336852387352,12.578164624427522,24.425219894165394,0.2846566997212786
1574.966655381276,15.254388278075968,24.399387309567075,0.22529629046352084
1677.3358639063008,13.210301926673187,23.04555227926148,0.2546086987502183
1577.6656252389446,13.411364412558772,21.60890105589823,0.21911563000258374
1675.7331609704902,13.843141980620457,22.77065520309392,0.2050722032519562
1946.0060190874099,12.796457374356624,25.399064127871718,0.27967140981438776
1529.5118875663204,14.021482446315837,23.63236716048255,0.2245870535896569
1609.6573866281383,15.204174452874335,22.92115476689994,0.2942213731807139
1366.4547209612572,15.175288021513616,24.184835165621966,0.22208667048097505
1440.9358231929727,13.779127681281706,22.066190473314528,0.28506072029025414
1526.5832804467316,12.892360278960268,24.21414235713069,0.20231293495335922
1349.116883620724,13.400983230501968,25.541303082645868,0.21315851264589403
1463.8869499823595,13.386064293042153,25.752005874039533,0.203528106838788
1496.0188250587125,14.183374051535392,23.565271390540484,0.28603797901611244
1679.770188779324,12.662576168154246,21.80010083688726,0.26506382144568497
1428.2444009018245,13.692188827401141,24.48492565095129,0.2969041845882281
1895.5259326285973,13.192090374083582,24.704197652323803,0.2881722198140537
1814.8460967066958,15.213066642479527,24.389946685350267,0.29582655164044014
1785.0721135077565,13.91478943731406,25.299349052446487,0.2905647873581221
1653.4174589884478,12.746766367681548,24.843298237002426,0.2771171682533788
1568.2787402458464,14.516225996034178,21.832984165078773,0.29537949735435864
1959.2509796680622,13.189123493972746,24.169576169556827,0.26101617567825924
1880.4716051281305,13.338744586138018,25.065851325271243,0.22476600025477894
1751.7585910704915,14.761995460747915,21.655648352332708,0.20369939096406164
1723.7771071352588,13.432847848975788,23.682875081435036,0.24465164530288586
1584.7835893574452,12.84173679395971,21.65604882889623,0.24939422959081958
1889.722803322489,13.967095783368334,22.533191900173083,0.2860057542761867
1826.0756725843828,13.950400045079597,26.167428877567907,0.24606492882129666
1875.0388615170846,13.947756470051992,24.06578092487917,0.27148805031366813
1776.037256087675,12.976962838491039,26.146067985746452,0.21085128343438772
1709.64032428265,14.420542810179585,24.002766873693066,0.21628986731638963
1491.9856129001084,13.415881264947606,23.79139692895031,0.23655751013409118
1350.43749389375,13.607562146238951,22.20098002229732,0.23707317803372477
1767.1449784709303,14.30321604953639,22.898397980730543,0.20963741779219636
1347.2481686624099,14.915323490536553,22.165636175540886,0.24027355009386586
1750.4686103051558,12.637365874245946,23.886346405631986,0.20195626743318346
1753.800068800197,15.035141118414776,26.19702725004514,0.20493655424936946
1913.5840645989504,14.165791554629358,25.264868408551227,0.28376149934259115
1507.8375085201285,14.778842984905753,23.024270872454014,0.23100420172529904
1405.6534072961986,13.259967357178176,24.48915724504951,0.28297017950664405
1418.9022736928111,15.012677241846285,22.609625173669773,0.24431872573271352
1387.469509850123,14.049562986195454,23.991545453348635,0.26661581780434784
1545.5561765048192,14.277507480076933,26.366700295866384,0.21840411395225717
1780.4515054820245,13.893421308898876,25.445976387053058,0.2039012969946284
1970.4714282261145,12.819097957629149,26.224801674232943,0.2380269224566473
1644.9472488278022,14.204624428634432,24.096683581507833,0.24115228176990888
1941.2213278877475,13.675888466495216,22.967412926477877,0.29354381355471765
1939.265823800715,14.477787249171696,23.12801564326349,0.24778580620473242
1714.6035058523014,12.58652340833093,23.45127271797457,0.22463395030204042
1615.546402746043,12.625623714721284,25.108040307982385,0.2867647874105566
1600.312818688908,14.932708677630542,23.342187224463057,0.29440505198436207
1429.1243749851942,13.85646535408338,24.92426415698467,0.2763281300613225
1729.210787148508,15.034397167790683,24.084718616915396,0.22269897694959367
1494.7068239331534,13.568612561942157,22.852947688416855,0.2635900438141915
1678.0736988287397,14.21760366745015,23.590103677984896,0.21361846720636443
1920.7606291713107,14.769211798280853,23.555982915989887,0.2211004516996894
1829.1787303508036,13.834935528500216,24.216175041783053,0.2601768288271845
1484.525178938492,14.992594205336056,22.397821675502577,0.25401060438704426
1914.5745305218022,15.169198177468195,23.28747388846966,0.24458601859079188
1557.1472466930254,13.589034263523498,25.42961919473217,0.24455843186971857
1452.8352616030222,14.985706801816868,22.98162641061059,0.24782495028163629
1383.173152915209,15.235776672553872,25.994304991126977,0.24911228957876616
1404.4385084895741,14.896008325467674,24.80591651597499,0.215944221203253
1591.0697703275632,13.039527339447497,25.619077417840767,0.27930458924335855
1344.8083823215418,14.630783110755322,25.55979603509531,0.23427754599507286
1387.5588430532423,14.121965391486407,24.736947959538774,0.23139539183836771
1713.3190898355367,15.070739255380573,21.71069064461427,0.20056811727614204
1417.9108265737284,12.680964773856841,22.456819720835277,0.2590964635923359
1353.7958896498922,12.824127451313243,23.88720019841998,0.266402841782773
1322.3119132852448,12.509009903623678,24.23045064901071,0.2177676040903427
1723.822439553676,12.893985654137529,26.30070202326004,0.23985784338200047
1456.272136043014,12.581741785243242,23.33919460595226,0.23809530052644007
1729.6171700164582,14.165562790594334,22.06897622279003,0.22743905382771643
1452.675080905179,13.0551550193863,22.36860781589802,0.22538368145107643
1736.091557086245,14.389131160539115,26.04737432542263,0.27318170134759323
1664.1197285018409,13.318727627793693,22.601540830411835,0.2954832996280215
1588.084431178986,13.975151315748963,23.867525232187255,0.20175789267178373
1397.3603320506068,13.068749993870837,23.934611009499193,0.29596713504417865
1653.3127098364273,15.048349882227829,22.039022771670634,0.20815224042783328
1367.3882193128582,13.32676974878506,26.078293622034668,0.22356532047127328
1495.555366730693,13.53529201647243,22.81863514889974,0.27919472876533774
1446.2770856286313,15.098079386998739,23.88647758730595,0.21520248581829926
1797.914221469371,13.15425447746138,24.679631637684167,0.2625883837684785
1368.242723158435,15.150433781836325,24.204919541771876,0.21832837917264566
1958.7570830250413,14.69556220233125,25.269972458132745,0.2519968899398071
1556.777089331262,14.083652470169174,23.496369027207425,0.28324550835985735
1370.403575947879,14.577688365809047,22.533944239833392,0.2867722453691828
1348.1037553359095,13.773384147889582,24.734247014997297,0.21823973870181668
1381.413372129838,13.803241571788263,24.448441131807108,0.27292822362635366
1846.7118273767799,13.24001447470634,26.26705839003368,0.28769017476238684
1729.6762661888308,13.84764619808985,22.30228304639466,0.293890706386145
1931.6823903986538,13.41780479140089,24.303051446255168,0.27615800565341664
1660.5506848268274,15.173313559512291,24.069669418994142,0.296383759270072
1901.8980025128114,12.728704636251646,23.299353512772075,0.2965960428972289
1937.8327536135725,14.474560846549148,25.694314266312627,0.25130911877626483
1855.3381395841607,14.918838150711156,25.334508292365346,0.29157805774162854
1434.071704800931,13.749227589416126,24.764244376618294,0.21559717112670357
1717.2027532898069,13.84415246826508,23.590662806162328,0.2007406049922586
1674.3817176755701,13.17908396287897,25.00396833509558,0.29574878413528366
1460.2445798324818,12.691716630799595,26.23756078112932,0.21924281767994871
1544.5481070139574,15.151976652319686,24.733336293285838,0.293478603866362
1877.514417853487,13.469862975256028,25.76218966285482,0.26098542629191906
1774.7731662365559,12.668785079646488,23.223868439410293,0.2692332413852163
1800.3148234474152,14.035022932677435,23.623551780940865,0.22811590800661452
1830.7213052845966,12.87623735074423,22.629523210077785,0.23487630252276012
1410.0272023147659,13.587023965952932,23.133092873768643,0.2073971276382539
1831.780604807306,13.072501013315051,25.453826539643565,0.21531002809813576
1914.1797818111568,14.271758977416049,22.68367776913109,0.2990487098755273
1370.6992015233832,14.828384008542557,23.78489255034082,0.2272428778992857
1610.178157866464,13.694407228756898,23.682793297689194,0.23459319528212222
1956.6328217000214,14.704155513515353,25.384407336443317,0.2713685461987729
1663.192673086195,13.601699354018816,22.510668068387474,0.2535930084975569
1801.9555581303268,12.8714754295694,25.268961981585008,0.28442998223971516
1561.8421306111195,13.650707040461178,22.18815097381155,0.23561853582501793
1385.553278862571,15.182614079954908,24.626206380297056,0.23543574747387147
1462.1635471329867,14.574613233603689,25.643136631745936,0.22291820615370048
1330.5839525531885,15.203610724930664,23.61512583637421,0.2905199467021889
1696.6635173550549,13.83374984556576,24.051008999943726,0.26370654325222936
1596.770252227248,13.474423541920444,26.38026858218568,0.2848113320588623
1716.8987460291726,14.944970677252197,22.960791081593253,0.24694457024845776
1665.3761361198724,12.689949131726893,21.607298751856657,0.2772429269823026
1322.216235901173,13.810855346044681,24.220760498280853,0.27759580356982316
1564.34293887683,13.351979199076531,23.714207659854296,0.21426389712297986
1533.833199062261,14.932849594188893,25.93221952530216,0.2918897740406816
1344.4856247564092,14.579454833900035,23.833692363542593,0.21221710052814197
1753.265993892638,14.575519811124076,24.43429028117444,0.24198107514376316
1890.5761474412784,15.133462002024494,24.87025048021988,0.20284720838717787
1877.8056073774396,12.75854508444207,23.762015973863157,0.28852188244899507
1543.0756633244669,12.832320473313994,25.03916830476284,0.2647218197541467
1944.4747962235301,13.9219174907002,26.141692570733593,0.21220871891708365
1941.8815412529839,14.13194589246527,22.290507128006702,0.23083098871209082
1594.7490831859634,14.90989995908244,23.932013735486084,0.297909736644939
1777.5410326394194,14.256513448679407,24.436709105837057,0.21562132435489959
1549.982653343547,14.474126750114712,26.082946959424834,0.25222172865040215
1749.6652318403408,12.91835333828179,24.311674419666375,0.2835627759697725
1692.1031092588632,12.56332244620768,22.218923556841844,0.23888447371911528
1824.419385494805,13.659211554124017,24.090855917551742,0.29138698868844604
1869.368017472767,13.400055826358066,23.196789868343984,0.21417312830656277
1801.0920270225859,14.496152331886325,23.36557743156106,0.21241229014649765
1704.0546062843205,13.433599582849517,22.01685247900111,0.2921929464333342
1889.5177318054862,15.142973647651544,25.942064613353843,0.2340849760688597
1684.627460360356,13.48997912520043,24.609609637896106,0.24366363546901734
1443.875823243942,14.401920114324447,23.98739091377712,0.27583584915199216
1834.8976893925362,14.187821245012541,22.122580458411786,0.24249016479917462
1445.6689166668568,13.554032074715575,23.35997846140522,0.23300098339442551
1452.7563590700586,13.968880114455622,26.37475653185885,0.2745694972146722
1659.6299736415394,13.776052159936995,25.349770737114376,0.27914601576383435
1391.0964537026396,12.939030536990296,23.9722086728888,0.21349907567032744
1324.3173044502055,13.876954237376694,22.873524373247186,0.21049331988091932
1468.4511513924053,12.871338183250721,24.718209034198463,0.27586294100903486
1495.7270046046858,13.529610370048276,24.66780306549942,0.21259679717759877
1529.1356493006544,14.32520163101952,22.51716955532362,0.2289517303870513
1537.9021088258419,15.266053023692859,26.030689252829603,0.2629282356227373
1490.2976704478006,14.567121034429475,25.26545852173545,0.23617886535077723
1696.5665037916758,13.593044881458464,22.73481461130635,0.22765008403244683
1714.3844855652953,13.541574478359713,22.544492842905527,0.2810676452774553
1677.9274566076792,14.035101526828372,25.614675810754928,0.29326052756169974
1730.2196137119352,13.16581848618374,24.00298588836491,0.2041764903653985
1672.3924077909182,15.125433433728475,22.787423628618008,0.20533518743246237
1448.7277148702628,13.420069572690796,23.476587811497765,0.2638566257419219
1587.822263779573,13.17226328562887,25.738912982938704,0.20825870929597523
1864.1486919046863,15.222204672967255,22.093243503275517,0.29125031676436397
1519.320910323486,13.708188639248435,21.92831039879925,0.24880900865483546
1876.3281324399034,12.865338636632949,23.178906936005244,0.20929718506751108
1407.1318758149828,13.861584832046868,23.51857447745331,0.23181736946887702
1445.009835325438,12.513306330999402,24.000170462495984,0.2621884198623623
1432.887533556394,13.227692085422193,24.01298274355263,0.20893161518351355
1756.6398940136066,13.543646580385333,26.240691348627827,0.27871712883305483
1330.8419271280093,15.066064196135914,23.221227195154963,0.22361567361387344
1396.4986174840567,13.551649012042544,22.548902185888608,0.22786069160769826
1689.92339672227,14.60586905510957,26.36531385742972,0.28639084083033045
1514.8672328753737,12.672875557239884,26.098067514088505,0.2960881702870015
1566.6014642017606,14.374483907371067,24.52978940461681,0.2636854432412497
1397.853575521973,14.293171070834589,26.353785076145183,0.28982243071500413
1543.1202888175642,14.549431142880254,25.068160632476314,0.26656312978594343
1722.64109686003,14.238706247063272,24.200435769303425,0.2500574089409287
1584.0346935317132,13.850606813534785,24.54854111095664,0.29108776775483725
1660.7864685335223,13.74026983008519,22.534024198510934,0.27677741188731636
1661.9907205771883,14.341568794566074,23.16757426749506,0.20660867289615112
1477.010887101621,14.135779074314916,25.876154697133956,0.20173648308083003
1787.8127014654801,15.20902303443213,22.279216261347756,0.2185507844047427
1587.181082067415,12.724875127275277,24.987499311819473,0.28537848081094114
1371.663969056712,12.785548390083004,24.99002908849538,0.2996367319773666
1835.919913601587,14.73396116193123,24.603911403466373,0.2167191535796172
1742.9801661046426,13.004520660733697,24.45787074930962,0.24960857560163907
1766.827513370914,13.331295969319951,24.85983008455354,0.23116334662741073
1466.7324107406032,12.93488462428496,23.53335731479204,0.2652379911318548
1552.6656375048262,14.4800403943256,23.101909211830964,0.2078991010593831
1576.1540297966783,12.838471145555806,24.727673620526808,0.23516434861390004
1630.5084374351604,14.892255302081963,25.279329261558384,0.23174412830429916
1428.6636772923998,14.212715926908977,25.770325400203543,0.25982877974605995
1340.5240118079166,14.658713269275651,24.129805292883027,0.28683476243251094
1751.9988243673754,12.923737969207382,25.534231744623728,0.2889049789410438
1879.2232138798056,12.702062503643777,25.530551010969205,0.2030971827433288
1426.3990517560494,12.540420146080857,25.929056690284664,0.20906910689831712
1696.4243410533418,14.028714874650829,25.10434761931017,0.22597503571165595
1380.1621497942535,15.179833867766432,26.00021130544719,0.21008699229252134
1589.0870778336164,15.248842452366993,22.58909702048286,0.25566188061558937
1890.0938247665367,15.275333066067265,22.034040642065165,0.2735890211163067
1371.4989858956224,14.940933903947837,21.64943760959008,0.21317848139149465
1752.6919336162791,13.220535675411385,25.43057468263901,0.22863554591441235
1362.8130925705048,14.57128399396139,24.037425018445923,0.21151113858650433
1897.8280362773874,13.685109860833558,25.69911449667218,0.22260624136031068
1920.4465449996974,13.002494847045309,21.681632609891476,0.25187153612624136
1486.3796332544086,14.76898201114447,26.165118872544777,0.2534223370602954
1720.7941303524556,15.165440663712085,21.810343209177255,0.23172897640153267
1400.3169332737664,14.618220587844858,22.960736767827957,0.26439649351115035
1958.6296291162798,13.041009154265636,22.516681755273197,0.22942043245607355
1877.3308244704308,14.248543650909673,24.69048624042199,0.2031883003264133
1680.1662515353657,14.052519774050444,24.521349743591387,0.2423017514359191
1349.1400556460903,12.827745137495493,25.091403617872714,0.20629921020219624
1602.3059219888535,14.823101282519357,25.179928643393364,0.29913036260712533
1541.8263967305395,13.108781893062819,22.35304531374613,0.2615330691103482
1415.9939850387284,15.142068077965035,24.62814056156073,0.2434188560647627
1767.0465994288459,14.802282587356242,24.36837492962439,0.23165698879093335
1527.5120549271544,12.582367170589519,24.824860135122552,0.2137333125564918
1640.9831217697433,13.60654942519731,22.697389848713968,0.23219133816486537
1415.598746055957,13.70711921384267,22.10454388917997,0.2960705999366004
1546.5336667413926,14.60049861269692,22.980634545474643,0.27080906412818223
1705.4827364895878,13.005026790077235,23.8974726962517,0.27156534255834935
1457.0739978645634,12.903452201316703,23.760990375255187,0.21430472047088198
1725.0325906628389,14.557475858229168,23.73578786453003,0.2501468072706536
1633.448830440875,15.254177971559018,23.131193037685296,0.20819900470381247
1920.2145000163518,13.141958843549418,24.983227820739906,0.27228604167413756
1958.7426920964567,13.522047468413064,24.847848397944457,0.262986177258123
1942.0947572252771,14.264038573169833,23.026725263720497,0.25832318989302444
1739.3013946769438,12.920940720343513,26.177815114825247,0.2928544311529906
1484.7770311379707,13.718874553527282,22.493157757410255,0.24085112193723174
1469.5162628864716,15.19137278699995,25.989832601653443,0.27672868831674513
1329.5160906670355,13.041439330611478,25.78232694176539,0.2485089019999724
1654.037204901469,14.175744366901863,24.12696143135917,0.2871465072878106
1332.026815245914,13.065377472136095,23.50496586832,0.2833301603644168
1638.7128195766036,15.01267207288064,23.37334788300645,0.26305742654079706
1778.9295650320978,14.511732566800829,23.89798864203404,0.2994778872961883
1724.0343317794732,14.116185448337841,24.962294410418593,0.28130370261633636
1466.4055065545742,14.273680203054669,23.051260072943155,0.2954309179793553
1597.9303183657685,13.704941993173582,25.188100853198215,0.21063386426813818
1866.257145913272,14.906085027690674,21.909243301371408,0.2566815550750116
1696.6847590469931,12.50980448793742,21.679496357141286,0.24729288350686174
1437.8180834928187,14.683904188330331,23.124248208480008,0.241137896034409
1923.7355562458276,13.093448750794098,22.056270554762495,0.27884338085804145
1348.0734102398617,13.88034741677017,24.124637245940395,0.2881669159304002
1836.3219036788644,14.464769875072392,24.30719972857627,0.2964273834337522
1561.479205051599,13.575094434482503,21.73557373803578,0.2110679230640767
1419.5728679808922,13.98264635481717,22.8956332080786,0.22709348012960034
1764.3792812404981,13.483593296877514,23.03785808794475,0.2688595117527312
1800.7287848587937,12.922618140738127,22.435970271919594,0.22281797726226696
1677.434541064113,15.021825533812162,25.644818991382827,0.24843284660919238
1427.0306544923667,13.22479830701984,22.38601076121684,0.24222498533441933
1333.5379422133176,14.899377248898649,26.38442412584694,0.2709338370630112
1839.2439264487875,12.819047188516812,25.75535760562818,0.23565502689153875
1428.9300026130975,13.740495976654039,22.16617391988965,0.2154210094031355
1936.1600687646019,13.673803068373061,25.55118076003334,0.2556398502072504
1341.9640976755268,12.506488783052124,23.97199598135853,0.2653983333305141
1553.2811590364527,14.340070166518295,21.862483327297998,0.20880523537991133
1597.4888987937868,14.221575512772498,24.88166223306726,0.20814417645826036
1801.1119041037014,14.869478841724355,25.265443185646536,0.261288535580845
1900.080497875983,13.176868767739908,25.83102517061481,0.22741885774398685
1445.8434101251053,13.165186880774419,23.415268320362642,0.28805501065007144
1406.033176863822,13.177698950035866,23.896195669424117,0.27358734143888985
1810.435576070497,13.654337493951125,25.400092399075163,0.23253883864959252
1466.9316164621746,15.013300266217335,25.90629686381798,0.23121399577945714
1643.7441757419497,13.805668641895906,23.068249519490042,0.24099382425571256
1968.213834391255,15.16936787309864,22.429124806810552,0.20479065314151448
1434.151752126305,12.625274594097073,23.370951154405333,0.24951022565975128
1638.5458081666409,12.963411353325629,21.80068275981496,0.2520435431418004
1498.9408410369256,13.12263850015749,24.883403352608685,0.2315364025617384
1840.4707570520386,15.007963407392525,22.64025969330904,0.2617224648742622
1421.9700065775523,15.063000643292053,25.133048438048085,0.215456279890356
1601.6208657411955,14.046948699129317,24.22131598908327,0.20678812989650533
1594.2556151331828,14.417868557060087,22.03933304410376,0.23408067571209837
1595.7990763532787,14.272661526532454,25.203082817865273,0.22439086511002312
1701.8054725172385,15.158381593174324,23.451002041048103,0.2544355546493956
1587.557399542524,14.450993914548711,22.213379388692314,0.22652246428857764
1774.532589163775,12.85883230997864,24.200694545714704,0.24962981701181342
1532.8033409645866,14.86937251268578,25.129969578501786,0.24155719392501526
1350.2795143780188,14.880810305028259,25.6211028067575,0.2066009805306772
1946.3835014430383,15.06996649389658,23.97115641813339,0.2338556231945136
1528.0340781724312,12.564804216203393,24.626369700258966,0.24738459375230326
1346.0329591121229,13.262062398403376,22.497480146471997,0.2983210907372989
1463.2888733123423,13.709119831867072,23.83977378772336,0.22080433698002613
1545.6311115424144,12.724408523829057,23.637506033308217,0.29664912233850926
1955.254454408013,13.666665086007962,25.47035608995947,0.2872533880268709
1492.5146677968776,14.820625994026255,25.1590823854127,0.20249738319463534
1556.2386946529111,13.756351238193233,26.232198729637428,0.26018922620510937
1913.1996538390401,13.66950986628996,25.95467682050904,0.21097679815445042
1929.6876894431173,12.594510373421178,26.13724413255569,0.2361590491639005
1418.3512600501992,12.597892113518572,25.909321192768953,0.2685870744961439
1824.5701917616047,12.720709600492214,21.922801950830458,0.24819225766862468
1331.4872186620428,13.15347544914673,25.20874278344442,0.25803086798069247
1580.0800416511702,12.723703751479459,21.920181614399254,0.25959007827270125
1729.6180384825223,13.643184368529813,21.741801476595686,0.276508604380746
1759.6810840039207,14.01626601554449,26.309916206141608,0.2955959770142929
1476.2911611817347,14.563740888002622,22.59947136281436,0.24796892213091523
1952.002084334452,15.038538960330834,25.78331366930702,0.29633653414050243
1915.102879732165,13.353893677765537,24.50770124406969,0.25795936786269624
1454.7725110306103,14.29209018639104,24.797637176035497,0.2405687461052232
1893.6174407584979,13.934769560569832,21.606114141539912,0.2068690427594058
1812.6607836695694,12.980322139166308,25.160187794631454,0.28105454093495114
1498.4883754953498,14.464671382991321,24.948998246228157,0.2604793026228043
1545.1361371027003,13.743535830814658,24.564891607724302,0.25611464920445154
1816.8360453756864,13.342750430899063,24.88537075463626,0.23445083670668646
1382.700653937223,13.634540021869258,22.48739959734874,0.23400492232285178
1722.6052720293947,12.922570141578445,25.04067720225759,0.22430041866991018
1486.7923093946883,12.728737584899894,26.38271513346607,0.20092415527838264
1627.3089126440289,12.87157719679538,22.690518735312644,0.22510299729103686
1377.4237433388641,12.679298887468157,25.052808504839877,0.2965457996743254
1620.8144909119217,12.817562767920188,24.100041569477533,0.2011419874407911
1815.930595618121,15.240348694180636,25.758830446380347,0.23419795836245405
1360.552331817275,13.491627796630297,22.15618152938545,0.20813726604467794
1828.1815764567366,13.496598095949372,22.246938140788753,0.29700473840823044
1843.6647462998096,14.017970530337603,26.092790985693586,0.2937853081517875
1526.1389884656692,14.286868691065273,21.74258805311113,0.2813020808491681
1484.6701124902254,14.431607632934512,21.90844050973305,0.2693467053228685
1553.3683821738948,14.061397804493627,22.9987993759164,0.25229345243043044
1856.155854204933,12.780614790441266,22.590660248248295,0.2217603565020376
1952.3418383670833,13.541184458318869,24.29040520285538,0.2260214640325232
1910.4932129260399,14.614053613037072,23.544399039621798,0.28406408790289933
1603.8367757389342,13.172692773243995,23.69193443304146,0.2705581499337587
1892.3266168846023,14.700252519731308,25.41715119555674,0.2233630035657574
1930.134682965689,13.708952867044722,22.14200527041323,0.2221581860702513
1325.4290739914995,12.837698516637467,26.33058570610359,0.233711075898448
1577.1099678892062,14.595839114632373,23.611166068705188,0.2920614447387515
1847.179062461525,14.702799910303897,25.405222370018024,0.24579694473031766
1348.8193356341048,14.515669268139813,25.796169731722024,0.21442518156949716
1764.7907793679317,14.227007428032728,22.648938827949166,0.2356735311436817
1601.0731436007834,15.05470234119906,23.127586842030983,0.2244565954753997
1577.870144641843,14.137170981425674,23.83008032099837,0.225932256385796
1729.995157448683,14.725241382845933,23.842709138427683,0.2207775812350981
1350.1884188658432,12.66495463443847,22.484394949749834,0.23228499174099324
1798.6199120315505,13.775061589867276,24.268048376868027,0.24271383577154035
1969.9035523749278,12.54669366752871,23.282903845877485,0.2784622733003126
1522.17707709549,14.236765722023055,25.847717803160588,0.2663506166165573
1955.2154734327432,12.682077466659411,21.797281447141213,0.29304916370314693
1711.4015058286689,14.120139647349122,26.013515362455305,0.2622726449424002
1678.4233764119456,13.510007608980517,25.941010015084487,0.23004427083875573
1719.2034402782144,14.999287694266496,23.84058344119153,0.26547343965296155
1380.4068300968718,12.697272829256503,24.047274331220397,0.2506593758685056
1874.6121221817425,14.42176448173835,24.684194138656554,0.24476849984391072
1323.515289107986,13.584348058746773,24.60654248257391,0.2023972934565135
1421.9966476022707,13.593071187359316,25.774965350662484,0.263840813599564
1324.6918025800614,14.918913851651995,24.638155010698927,0.23690861194681528
1935.3703281611736,12.79274510464251,24.140586889037383,0.2815336690955693
1426.7157889694456,15.045028870641177,22.677063400626004,0.2650068193949442
1873.2319337663937,14.972294136966308,22.00883164940798,0.2936325216617817
1425.9021532458664,14.156102902023651,26.000822482161876,0.20894465827404102
1723.822429398914,14.53680640496937,22.504870988448037,0.21230777362921832
1760.44924199509,14.833771595482927,22.421298905640462,0.21863932095538377
1758.379406458482,14.128202665964407,26.106294152177277,0.2600040565389103
1456.3851658083454,14.150706041872676,24.620895989273926,0.20072778467883687
1526.515005610505,13.333128761498559,24.165591485874426,0.2500875562247529
1654.1592190927668,13.160300522871115,22.08410630371565,0.23526494766971953
1443.3287804087922,13.224669300047593,22.31587745882197,0.2790034217641965
1655.4723712399782,14.792575884041069,21.779872223499005,0.2819903154240709
1527.8325492232202,13.969688809174645,25.893820048281686,0.2268961142149871
1687.2476557482105,14.80289323472396,25.345894492901913,0.2625346238850166
1915.9824660436602,14.810198456188346,22.9985583844796,0.22555054034734157
1374.9107247224385,14.78881773201737,23.72341345741182,0.2575343838103665
1862.5012742740867,15.188202260311634,22.320644020896616,0.21553989956285777
1766.0080837696346,13.210454364838151,24.775162531390972,0.22858106406190842
1777.9034933481646,14.352790112937143,21.602180404617446,0.264045913598779
1704.482163815232,13.585934249178477,25.41512636296765,0.29142989992029816
1362.8293445430647,15.118481165864731,23.33213036611666,0.23075838493029915
1814.5379821659737,12.884682758581834,26.298348372079396,0.27550806739164063
1523.4463134057005,13.563123963256704,26.19951729149673,0.26249882020880777
1536.890905901709,14.751061141946177,22.151479191270283,0.27797559634047436
1522.3558183409098,15.079555354932701,24.91552643690789,0.25736830697775276
1871.5078624973391,14.46889576028905,25.845520532386573,0.23924373707754282
1738.4176146224725,12.772187072852242,26.15174250282005,0.28109647849298647
1672.587391069035,14.96504257020014,22.164522844424475,0.258716577871413
1592.100192144572,13.169830025894614,23.582702304344934,0.24851856435608577
1789.930033962003,13.934694157621761,22.45092117932266,0.24187161055205467
1431.4770103968285,13.363392032719664,26.181168145384145,0.24637135506500954
1407.8042490931698,13.305943080140189,22.10796337130464,0.2994746741042722
1447.7070799903654,13.117849889981446,25.039050236986302,0.23266368456522252
1790.7406689580862,13.10431270228022,23.307226969195906,0.2907852844182899
1847.3557234848956,13.000622176300237,25.27653784923498,0.2565616936363499
1868.1430123675211,14.874893554099144,22.349559131466393,0.20855129555999094
1712.308221216648,12.97475793720216,25.444517361527847,0.28895786344872243
1944.133098256524,14.981646532454864,22.243430197700658,0.22188810813995527
1529.0493104105726,13.912404765787548,26.025685378693886,0.24875772520911232
1561.0267422613601,13.547178284575029,23.164401905405345,0.29945604589464003
1921.2716483306726,14.969470730161733,21.852782041298866,0.25246930988179656
1576.647001620424,13.432379350716428,22.084480175280508,0.2132861526517749
1700.1236878114755,14.840561020536146,23.1001506947214,0.2218995175872585
1436.92573848328,13.868020291302612,22.5783515544873,0.24877140690667582
1585.8096300342547,14.234810535881591,23.22034899402464,0.2254508050479904
1496.371582933619,13.633797447756423,24.290807707279914,0.2485116923350149
1977.8392268991597,14.753256884171027,23.02563025077551,0.27949417678389565
1547.7470378516389,15.058631553265583,23.51433196105535,0.23072473945939997
1784.7394707928295,13.117675424229056,25.741344391800038,0.2507247145754226
1554.9956376682812,14.848923798427329,25.23868761608333,0.2716135764120557
1407.2326934730288,13.647939310838796,24.13966947667293,0.20996278085121903
1704.7569200814248,14.26031630159868,22.68198341766406,0.2924371179867873
1587.6514130479015,13.794841858211564,23.0034942979322,0.270152922127723
1444.5556313460986,15.112528889294591,25.288035665010856,0.2046499828542846
1811.4878445011539,14.365069120126577,24.044316867373215,0.21572026190151397
1425.1484072925753,13.929774780509803,24.983033731626637,0.2430409308303375
1757.8689369139227,14.907485902628771,25.42416318337054,0.2825054047343625
1758.002478412288,14.939199903916927,26.092289284642256,0.2949318474409354
1478.2147339695437,14.994223879016486,23.857487511445893,0.29402769076431834
1907.7182432104216,13.386361423818094,24.451126410848094,0.21770323433521332
1827.9558308088838,14.65296276292046,24.97458747608433,0.2927005252252317
1374.529213666086,13.018523318179037,22.235149857720256,0.26059315441366193
1880.7489170762376,12.510027203542037,22.611494647467712,0.23195255572384602
1590.1030435894884,13.055559633357586,22.308465514619773,0.2651233200829163
1709.574176058808,14.288348068483389,23.43901793770563,0.2105414887477109
1785.487329304742,15.270139693623413,25.51451705160573,0.2010848152412283
1890.810330387212,12.846107266967186,25.1252711163728,0.2376401657385506
1801.5609100250767,13.671928670620472,24.90553042815345,0.24971526095144364
1433.3633221140717,14.956181331690784,25.458475231242854,0.2575368035517062
1692.2482778221017,14.970002928441987,25.21988941930002,0.21452723260461523
1875.054528559702,14.709596341161507,22.03106256583799,0.2598435392457746
1434.910967173254,14.5102787905922,25.16278716704324,0.21287345405216176
1662.532026844475,14.928149506626204,22.079881355960737,0.21249243892096764
1829.267158489586,13.834889868148352,23.34188388937715,0.2730328458023888
1819.1994810876488,14.308630162341586,22.00335440816035,0.2025363327490391
1442.7523241117417,14.639691400812355,23.717737159265564,0.22395986168801058
1847.5858027339395,13.970611111181524,24.46585589998153,0.2956805161781982
1683.45557473882,13.617110020612671,22.873842705657516,0.2884707795948114
1538.864560733143,13.424235145413917,22.66400218226639,0.29857394200023735
1759.2120314563956,12.520923588459304,22.634851216838776,0.2959987594921601
1903.4337232546197,12.963534022635605,23.27985500539063,0.2107744536993441
1341.5209312657435,13.513588911622366,26.334674423473206,0.20289388543557446
1977.9075634529506,14.236250760473721,21.648933747964588,0.2444223020014799
1749.7745708538469,14.284017074097102,25.85557510222696,0.25406999088068305
1384.1543602072,14.52843545487742,22.92205606241926,0.23494727804041277
1573.3463800051916,14.431441676189232,25.802781135037083,0.25046001730177264
1548.7975293692175,13.61464505491155,23.233944654647757,0.2586526001519182
1526.461618151804,13.590681334611526,24.693216977030477,0.2943141118001627
1440.7856279959362,13.024944904534374,24.79415117896923,0.232895399082903
1956.4465303127704,13.979038280604081,22.237349787990425,0.25158007147359895
1369.122211657449,12.720526658733295,23.665877907002272,0.24077246196663957
1632.4818753176778,15.25171127387804,21.917504465283077,0.29900258813187003
1617.5303021984364,12.648815238315693,23.785313921977608,0.25527501698484534
1462.3551568437108,14.078227068090968,22.60562226284844,0.25744373796252057
1765.040986256495,14.25055258511491,23.042876030039235,0.2881230609240384
1437.6720514845983,13.078245621248499,22.032062502623997,0.23290761754582037
1772.9365196338222,14.29560917906964,25.689959201429875,0.21313151398549557
1415.271805402451,13.487497141607161,23.44370240999678,0.28264084082683205
1638.9822705184401,15.176267529398432,26.208236914238555,0.25324922427789476
1692.8693258572584,13.998864390624059,23.11463915347407,0.26530407108758314
1640.0428861571286,12.944465506835602,21.805813145584434,0.2609377537619797
1901.2525013553977,15.019186985442213,24.879588065373085,0.2417491389732565
1860.487572426166,14.620622288489963,23.59099976670788,0.22713653198874717
1944.5235632290146,12.633500229721905,21.98261045211902,0.22360877656139957
1730.5621232935198,13.734288509750236,22.463199872523106,0.2689251009601994
1567.6401533747023,14.476375081376702,26.08068597623921,0.2406702927019567
1730.7107943877174,12.747093843783567,22.525996407716537,0.26793807697984146
1929.7997489817,15.187185197015145,24.183679128750562,0.2748945330208004
1921.001229587774,14.918289660364222,22.552121380824477,0.253281369636548
1868.3211167702152,15.054608269224708,21.98312550874832,0.22098427020146003
1541.9203876092652,13.59534869903771,22.929227859202484,0.23337955226843074
1666.0276808741178,14.532922886551747,25.442519931450697,0.26064251883093265
1478.4102480752438,13.170269958694668,22.3959702221642,0.22459848021882642
1371.170467308324,14.341011308849483,22.290586825142032,0.29985110654036684
1682.7711675652233,14.52438567438125,22.970192792949646,0.22857644281651202
1425.022667479643,14.12852056311535,22.080025692695692,0.2980701552468576
1856.5807015805508,13.78489712285471,22.35859201990903,0.2642543553519848
1395.731511132487,13.684385493857985,25.102907034555823,0.2887224237099885
1448.0762967223834,14.172356081663429,23.140648341343784,0.28533828782511755
1882.4012800065555,13.531676539917777,26.16906065159377,0.22988948748783708
1599.6768026594928,12.709533016487217,22.01868010867588,0.21828181245447842
1899.979030958836,13.825869294418377,24.62740274561807,0.2202892844313281
1553.373517930877,13.076129976336361,26.348901712104652,0.2985048515123901
1910.3739023629587,14.65512790334837,23.368230663830058,0.2964012183833113
1740.7615640419078,13.004041383033814,22.87502800225723,0.2365033690384375
1798.4357404738564,12.567349248596415,25.979175004418767,0.23266348923145666
1753.5923460470794,14.938685278458037,25.72111668348112,0.22060249503863846
1677.9370173352484,13.610614012347822,25.732603798403943,0.2990038853620718
1829.0179574996075,13.367483057852134,22.89007947672884,0.26063064723843504
1741.9372334110171,13.279747790933339,25.605025525718688,0.29036354538031445
1681.561059871727,13.51315534124467,24.288239331224908,0.2843952620511291
1459.480753135469,14.840051121701652,21.611970592691502,0.2759899481883774
1423.5602608742865,13.169759955967658,24.239314485935825,0.27931174369133754
1430.4408350874512,12.651544724089376,24.435246258950652,0.2021730808305722
1514.6704131954043,15.074644496315441,23.336517752829558,0.24871311664849055
1758.1582178894344,13.315247721443846,24.840729250009957,0.289438406669029
1594.4220602829303,13.34398670969268,24.497261800873133,0.2579447683309006
1698.019790165944,14.040595297455944,26.33718768048304,0.24482321748493296
1907.3460969236455,13.817090350238328,25.01359082584299,0.24118165942753206
1808.2331273569046,14.004982162226463,22.18229852987236,0.28646580214604433
1584.3938360932361,13.010929516765154,25.003834347201106,0.23294844694099495
1790.9497622581598,13.161729250903527,23.888729845698222,0.28056407319001236
1796.0012665304328,14.438663246710584,21.907409148338246,0.22869229361728471
1894.2659529660066,14.08667558784599,22.69986800961799,0.2099486899700564
1727.4302742982784,12.810232321146568,23.045000139223276,0.2433288865233839
1697.9290523177076,14.588041666990183,23.707774598899302,0.2769360895904091
1977.5344730364766,14.237523376619672,22.33709642010847,0.2950009306406861
1833.3156339420802,13.729500865243187,22.642921512240967,0.27730689989645907
1714.2821865059814,13.393482240848565,24.900422068443174,0.24975169445228768
1498.6823870400556,14.214225257932743,24.508203222598276,0.2806421940957983
1537.8238842178598,14.716057811185419,23.685188223535295,0.27801114752567213
1766.6560456797154,13.926175759571855,26.064021238333844,0.26984777306288865
1818.6492874402143,14.81073686866367,24.904677885207324,0.26869464968260937
1558.2367017370193,13.17467434121273,22.56570458984478,0.2938933873888902
1532.8200859391661,13.394958313917328,22.18090290830159,0.28398871864527836
1856.23853495216,13.842035850613412,23.51630313841465,0.2778278396888609
1668.661105571271,15.023541173605036,25.271072100600218,0.2109801460251621
1765.0893334662317,14.478358674447243,23.74420690033092,0.2250579029373
1517.7647510807842,14.189759046499278,25.858693378292305,0.2098078400146651
1626.6775759322702,14.963210925487886,24.910237054027895,0.2279005024174303
1868.7051472521446,14.945867895441536,23.458460447326406,0.25048839388447663
1790.3212114698217,13.72908505438777,24.15197612781322,0.2555095900611385
1598.411219690155,14.079221318495254,25.859745133890527,0.2924185761970961
1947.9277812307741,13.298433074617718,26.340596859653086,0.27294468892932794
1937.0032533874382,14.803365028332593,22.438230426561173,0.21409393195413903
1627.7229250310909,13.314097850345592,26.182958718178657,0.2183133618881203
1873.1771279056882,14.380100966872515,26.07964609355462,0.29460959810263787
1603.0428956797084,14.369249737290923,23.832829442495928,0.28050107049236844
1677.9650765685517,13.484506026162197,24.08727209260931,0.2185007985024735
1560.0797048519244,12.88426069782087,21.978908141707468,0.2482830186547005
1338.2501001708708,12.855592149347935,23.330026666892845,0.26508292816985957
1644.5749178873152,14.945102559769127,26.164694137376333,0.23578868076004328
1639.805882875008,14.14470868835803,25.247976749604668,0.2370707953588933
1388.2231274945816,12.951367148171954,25.73718104912187,0.21889237891371274
1348.8914881818039,14.7702721532903,23.717015943001858,0.2547666846203936
1528.4690462831911,15.231785518737798,22.632731057844328,0.2853411722329594
1764.5414509337274,14.339894816153864,24.856862983114045,0.2729659195740922
1793.4334380205314,13.05196375927074,25.681472499833507,0.29394382348056747
1533.2736813942954,13.743911078021862,24.82718890420348,0.2098361035528311
1657.5727704929552,13.134788099454546,22.99439964989497,0.2546287704796156
1783.2510420697265,13.522548530296138,23.896719133500305,0.24938881581559202
1935.2740985353503,14.681728095866363,24.023291442964265,0.288766440422348
1948.9399741089273,12.733215716326212,25.578681532743406,0.21215033443961417
1357.7371955799285,14.294887853496203,23.12787417167235,0.2993480841278684
1675.9058641808683,14.810540135591129,21.989621874778102,0.26743568625727854
1627.4032186196837,14.587996681159643,22.009976130284947,0.2336500612286772
1737.5176058819686,12.926144320974206,24.962613833634503,0.28806536034373703
1891.547832215101,12.828569434065034,24.901597205530884,0.2966223088118371
1878.7859651773178,13.02332114640396,24.483869970673027,0.24722021753690687
1941.5237590650968,13.428526840347322,22.928041185012216,0.21890591133302348
1598.242439206968,14.30000403779697,23.900206597977128,0.20885673805857188
1872.0039850234605,13.00269626339363,22.171363547721874,0.22778589587880568
1977.332756253985,14.329406199318159,24.373554719160275,0.22317877951012108
1753.910201648528,14.44382531573409,24.734620875165696,0.2332510649860708
1426.8521367923986,12.565350860858132,23.296450297738325,0.29525300813691735
1674.0300507836232,13.24417298989581,23.564286299981926,0.20017532493969242
1757.6777347181671,13.272959442130984,23.473544910246783,0.28746103811955526
1855.6842893592489,14.468189517560969,25.603145770707574,0.23005232348736152
1695.0968518051723,14.67765038866057,24.793416484595618,0.25183911127021713
1362.131156045562,12.891972573539915,24.684263508430924,0.2355938834939943
1929.7061160634494,14.01092480892372,25.883655680819935,0.29241140970606594
1737.6231612796132,15.27144282265152,23.272144670575006,0.28328509866798
1556.7854470662019,13.975390424526237,21.650652578589636,0.24714534574107344
1941.5243994152197,13.094232391392321,25.86609961803362,0.22051852592736984
1896.7199402613776,14.697428575177032,24.56895205879045,0.2869208031277556
1868.921227924314,13.802962451857058,25.514390691009503,0.2669597463879369
1478.9076308764545,14.776152067853461,24.214502063475024,0.22975822931637244
1476.2479927301958,14.447773594167769,24.254792420884037,0.25583437237985523
1646.8495517377487,13.023785275699487,23.543340985269694,0.2340141343828032
1749.3386646282208,13.136130381956288,24.038613484112915,0.23969935902505268
1392.6882153184604,13.275913693588429,24.36121478853739,0.2343948494261499
1860.844592241093,12.713741865025,22.286818925313078,0.2651645950631555
1956.6551415687054,13.554933323819121,21.612614017272847,0.21991100633284863
1904.8801595962768,13.220123994723595,21.874674177894907,0.2213563701220593
1749.0667880826768,13.033225305859775,24.385159720480804,0.264312736298257
1513.4595977322917,14.589674813091625,21.86561918000479,0.2535613956889071
1681.1233835134076,13.691805172043214,23.25252780423828,0.2688210919869716
1880.6836171845746,14.46594739923269,25.13372507319627,0.2616308996067498
1666.9569610198303,14.594655922950398,25.517638723041518,0.20135844719161336
1959.109654979105,14.738974807611275,22.501225309254696,0.22365624525604652
1964.0903248529967,15.252524779248306,21.972912785580156,0.21104768039799784
1973.9859271538883,13.632573088338166,25.3730407463359,0.29359199261845315
1524.2439650716146,14.44035483436015,23.52336427131709,0.2504291588052845
1531.9885041811854,12.689165464083496,22.366998557370597,0.2211712770405287
1683.7460676904066,15.235155076081082,24.243411262771122,0.2097692023705671
1454.055261405978,13.92571736076292,22.54108652716553,0.268821523654606
1606.1421468493836,12.853601377392735,23.20411106743765,0.21106102878766442
1565.6598058743095,14.152226487135827,21.655364046037793,0.29880218518652973
1581.522794477903,12.812156367970424,24.277531038468865,0.2224323126602331
1652.7338936589701,14.579476999853592,23.9589995478847,0.24452355537824255
1434.9956238294706,15.185728662631417,25.590975500171975,0.22322873732452733
1660.435533150481,14.41003068780984,26.095923547148818,0.21197182868177974
1362.5819495296691,15.062529059634008,22.392524704965425,0.2626110068283954
1761.4962760642077,14.92958538134356,23.92979246695936,0.2901647276469784
1712.103882941837,12.744252986951713,24.876233743908454,0.21246751078601023
1436.765537930649,13.187248838756778,23.356686592224467,0.24139996606246622
1786.7350721726355,14.098964587488899,23.705973317552502,0.21796585954381867
1825.7339134849303,14.817447755398398,23.0723373327599,0.28412750306655926
1609.2620768415038,12.757173451312337,24.055765751887396,0.24429837066258484
1615.0933840251118,14.831132776447681,23.046007832223633,0.26185537184892616
1686.1743786659613,14.208375169787404,22.27612392692132,0.2778233407305615
1536.232043262382,12.664348293368802,26.083217371876863,0.2538538615960435
1379.6388179551464,13.050478898706002,23.633715202776994,0.2337409235562836
1581.5829202354587,13.494185475213781,22.09402708700008,0.29522411617095645
1666.013870829086,14.01436100173665,23.884561409405546,0.2113801193230898
1594.7990901298092,13.263023202196731,23.73496097086109,0.26802530386030116
1768.3441200107313,14.379966774390654,26.134511755903247,0.2173582276224578
1623.7932548426227,12.864531248212925,24.893983153283326,0.27996517786763553
1612.7945274743406,14.412979204202331,22.809241837382828,0.2668084639900051
1934.5955539586769,13.892073480142347,22.214127503215433,0.246921638323729
1655.7687246862126,13.517621338054091,25.76747881505996,0.2219602869490615
1453.704077660265,13.98315457725802,25.269089961467476,0.29561540253829127
1554.9117251078278,14.808590196923207,24.250164925777355,0.24750757537842139
1614.1759747070603,14.882900900509473,25.735737460862033,0.21799879723109114
1871.2745357825033,14.611210101561552,23.556508781773093,0.26055393579491226
1623.3207404561429,13.870478141140659,23.995171267248963,0.2236379790125336
1727.2887328983852,12.868729814936271,23.45201715077964,0.2328517776939644
1402.1805340545095,14.71707273891633,22.997185845393,0.2987832536420887
1669.0421163188298,14.716834261574679,26.003531132375738,0.29971746516038705
1940.9499332711703,14.625741932960358,26.312836781501023,0.21679115310331323
1914.1831720075381,14.06247003768785,21.617541760305222,0.20704477642671304
1793.347177106945,13.644136011728548,24.17479397555989,0.26440285376281525
1577.1120649067836,13.030388193122766,25.336990113839075,0.2205483717479
1718.42186079801,14.695467386980875,23.992506793545104,0.26748450861621376
1910.2136706601798,14.44692098790776,22.349868426377448,0.2880231861415629
1627.719992366703,13.70967655234207,26.178714559139156,0.22197903719151155
1810.060430675606,13.3354254314444,24.634044212819422,0.24832705171376457
1757.670532759826,14.681062142828766,24.76218314577261,0.21914452182681537
1552.0329035168213,13.162167983119005,22.342470264780516,0.29429603931862675
1614.8033206084392,12.638231433191914,21.87776898355669,0.22148479934217571
1501.7734429025281,14.846424201420433,25.496306010424167,0.22930864945810933
1656.9378033239682,14.430224795853063,24.60032950917461,0.2662711130392403
1564.4213244822886,13.154428763253957,23.900480474204713,0.2522298639342694
1889.9961200721984,13.917597193054993,21.919690152841092,0.2658355407271689
1797.301432504233,14.735549469477254,24.09189604024211,0.2567866428576635
1867.802398192378,15.035335057384708,25.23391660119186,0.2637172317820207
1686.931039727645,12.733689486992512,24.111484451797974,0.2818597610737826
1788.8074526171274,15.233430762436129,24.871031431589927,0.298149340276229
1589.234470503041,14.099066547146094,25.785907987656522,0.29005026281721497
1875.3293586384843,14.51535428370434,24.596757067550318,0.24861245223593598
1562.7886796049206,14.254629475687427,22.59166992355083,0.2093828402172306
1594.4005545474604,14.365233312843698,23.899062633832457,0.23490416199408545
1547.1047364247677,14.184805527168686,24.72318687460669,0.23115899831452377
1828.1445366655028,12.761842797374912,22.467614488171062,0.2951153551528671
1753.6922503232167,13.079736141472212,22.851679174207543,0.29060367339906346
1337.872907350879,12.929723132342339,21.945898373568053,0.28503924423419863
1740.8917650242804,13.042254251855864,25.78513436236902,0.2787296324038302
1779.8124725000466,13.630216749035233,22.999398361520754,0.2555521376919922
1806.5149123732206,14.89175552471722,24.61594467193683,0.28175684127053063
1408.457711720179,14.169759390862946,22.8960620639306,0.2829848579524282
1439.7974589386629,14.635825801589199,23.243441367701912,0.2689305223176389
1424.7570067218305,12.76345491209556,26.25785164205401,0.25709183378872963
1711.049573278627,12.944416858488687,26.325221268462585,0.27667463800760417
1742.0635929356235,13.103907113251763,23.90057676258657,0.21238436395774657
1553.1334515170859,13.109854477298361,25.951302754723287,0.22575266234909286
1861.9256548202457,13.152548752409443,22.474991312787825,0.2137196649411958
1356.483903106114,15.044770227783763,22.966892651758,0.24245250341492472
1796.0309162593328,14.151596593094542,25.727469154427965,0.2909618282250819
1774.7373486528463,15.00238399706007,24.031594744658662,0.2814889421510905
1426.4731253275552,14.841226292168063,22.382724905237957,0.2938137349457496
1545.9382587633727,13.312680567763215,25.28237443570189,0.21270511213234353
1596.1797677885313,13.154117914103933,24.086729931581402,0.22945859823134376
1369.198718309628,12.736701029103896,26.32825671730993,0.29128568237412444
1958.6978263127846,15.259614886837472,26.131499083829564,0.29581277854002686
1387.4264100178839,14.001124424968713,24.2466093324718,0.20336551382698748
1647.6540916649487,12.574514266750429,26.021456433433293,0.28008312837578425
1426.5171432777404,13.101073047599847,24.341606066433545,0.2444142645844834
1484.6075542542621,13.971993770373208,25.34307587245826,0.2008700837173461
1609.2775047638831,14.767481424156427,25.588312554896838,0.26992953379311185
1642.9546637224428,13.39441763428645,22.171475261626618,0.2934118881568936
1583.1595606336234,13.114542353034027,22.939563052246715,0.2643886743547591
1543.5442071342911,12.630580899530514,24.673824619931768,0.24532780894268433
1446.0184687269964,14.461730516587144,22.558339423802586,0.23388304005093033
1874.7344084581039,14.622407579743962,23.724753565431893,0.282171176017004
1534.2380882682864,13.357028446103643,26.192297748171335,0.2899890429217485
1919.1830028195088,15.040003069893334,24.604456999475012,0.20246645240217603
1397.8054438268057,13.538912195972436,22.349139813341225,0.24929110009970845
1919.7840244931501,12.978243205425029,24.696156540695565,0.2722454103854098
1484.903350034797,12.993126186441422,22.034515163309997,0.22691354228060293
1375.6746012239335,13.940579424604074,24.982325598854377,0.2546185029339097
1552.1748061516332,14.226598634757531,25.20711476575928,0.24516668018445992
1587.7406727274329,14.2101942935472,23.56029285192028,0.24970838578671395
1486.8258669354857,12.873458496605407,26.192794368976354,0.2976176033337883
1508.8279904024887,13.125563951906814,23.695705436653018,0.24309790047160465
1780.580279386447,14.730628101430433,26.00938141094242,0.23206254182620883
1696.4363051066737,14.347840116658336,22.805445690141877,0.2600519602376368
1327.574258751207,13.149973171595192,22.90302353077396,0.2596409913877807
1446.8445053704065,15.245180796438962,23.6905090583796,0.2534568653561252
1720.9100830894279,14.828247482592603,25.206758557762974,0.2554226975997293
1657.436452249166,13.51431086885011,22.2201470992489,0.21911174975877282
1407.4581510837575,14.961057551892807,22.280461720904526,0.21415588160486868
1329.1141808947953,14.740095741652182,21.79290629354183,0.26535530099180726
1633.4804878060854,13.624326811468507,25.508660925965202,0.20773628716677106
1509.9339504578618,13.136134048192908,22.89493449973549,0.2294832009127661
1758.118462885855,14.215679419477402,24.42803750731782,0.29137161770062614
1743.5186766295606,14.956749345446994,25.317084344386977,0.20576593110485866
1471.8300390871066,13.331849461936772,24.466239446931006,0.21491467680366558
1410.8922469542292,13.037368024964232,23.164070448698844,0.29880830204284714
1918.676300407653,13.71191631905721,24.668586877069448,0.21534499196224435
1402.2169557905331,12.663233279057689,25.869319115920142,0.22988699412986452
1574.9015460540536,13.712841062022502,25.26547699595617,0.2109661624621687
1866.0088772818704,14.49693622619401,23.752649369133596,0.21789714072915922
1951.0908470839101,12.952580670401957,24.134468110023924,0.25857854161802796
1351.022489790365,13.888341465643691,23.566673350731147,0.26007886917865336
1881.8553424508673,14.598338739388495,22.69858189738627,0.2391774681055095
1938.7379045121227,13.135954560417598,25.53209799310222,0.2043124482662527
1800.536122670807,15.239337300571318,23.31114380448302,0.23742057465833663
1862.0594305173008,14.809392155286538,23.3846358494928,0.25055926464143025
1583.5414513664061,12.647283329012103,25.09222861741085,0.2131779202535431
1599.0697553245132,14.302176471071025,22.21657770270645,0.2707767222931324
1675.2651884423874,15.131852680003272,24.095137050374476,0.2831533442170487
1833.7696837762755,15.043805018925653,21.82419031691836,0.21205900835024477
1608.4785259143275,14.662034991191062,25.93868415158226,0.21760479597038113
1979.86091877285,14.3140099259633,24.305182029989936,0.23101046226234537
1546.9474611419187,15.013233323673147,25.410481278588765,0.26136097417916576
1486.5016167591898,15.129152322622913,24.58100716344696,0.2708223114591265
1594.503344568835,13.088375209494826,26.12635817489344,0.29792632638417893
1611.2672201710454,12.966210066955547,22.555086241917042,0.23423802208945518
1402.4397541166838,14.192599525745614,24.73884013476173,0.25182822493646867
1419.1003342703204,14.89168927854748,25.04451942287177,0.28294766933466176
1882.9201614010046,12.934648807192584,24.780380768491217,0.21723714951444154
1723.5062470643652,13.706827136992837,21.885462890928665,0.2479155974081971
1697.7537532121,13.62220211804067,25.56107793193163,0.21312225546868135
1859.5391575627984,13.99579781797087,23.33518545898342,0.275422481901277
1701.4993838724736,13.441437788544373,24.874400554252954,0.24744853454383148
1897.0318465117853,12.650323319105844,26.378179985901163,0.2451387046817433
1562.2480540008721,14.108555638147989,24.94052538877335,0.28681845845453857
1780.3722289589773,14.879229334800828,23.19205170452338,0.25349170235439533
1855.9737527324473,14.083584674224687,25.65678895392467,0.20851643374559256
1749.7816418130824,14.030911234186894,22.29788760384107,0.2961977520325109
1946.1451388585633,14.791676474613615,24.795135340802283,0.20890065392663534
1346.4821497412977,14.931845253372694,24.955723093753733,0.20873581365202412
1647.9938542773682,15.217084792692695,21.92342915733469,0.2229272468849238
1759.149300581558,14.511629157857792,23.382257023977008,0.23400641003205347
1897.2926013842898,14.145268902082456,24.527704293845396,0.20043886635010222
1742.8856077869814,14.54317553150125,23.120360341263986,0.26201216716012704
1788.3101291500047,14.43926931885661,22.691669262025936,0.24976243014578575
1643.6165220740347,13.799912790356306,24.897385123337127,0.2395600395701432
1783.8048040679266,14.555134950536022,25.26840503330079,0.2806721839179728
1664.9529560946323,14.393520168572659,24.44430048188227,0.2523602283350515
1490.4948710539388,14.195564812271092,21.99446789847102,0.2152200170763751
1794.887411206546,13.99928367264706,24.412088042499818,0.22201072234904928
1585.0458017316605,14.22002295174338,22.679650339755934,0.21264515759141922
1817.0113492288797,14.391741200803471,23.06445557787122,0.23760257475130248
1849.2963659238803,12.781601319718197,23.467390784374953,0.26838599061113194
1780.9011673226823,14.156466667312674,25.780679589705784,0.25015326526305537
1727.0510314523356,12.65684514687346,23.294565808108178,0.22576366942127066
1805.849304950003,13.871153144308023,22.284673228224403,0.21104891898219874
1745.1440969219636,12.515547850465431,22.62980308203876,0.26532538125064065
1741.2045946008145,14.139610575624012,21.813722793519034,0.20964019823427843
1563.83437137347,13.202884116318765,22.75531292787653,0.23623692221432713
1326.5211256595844,13.046958019631747,25.554679053503797,0.23189317948499652
1668.2950753079924,12.747218334014883,22.258971737919563,0.2469359291958269
1355.1035294176836,13.483490626599895,24.84755719851666,0.28081520343466126
1784.7758801857128,13.777667179797216,23.822709339561783,0.2045974915762273
1479.9842670901028,13.739324423128588,23.10634478030054,0.24709816733251783
1408.4595118682178,13.730630731229137,25.291998811991487,0.26494240698591837
1843.2739939361093,14.401487430556047,23.007004965839318,0.24186964629968608
1363.3606419995865,14.30559654413526,21.68249352681922,0.23837878311025684
1872.7476658640496,12.524186995848778,24.318064308555673,0.27861305714381396
1826.129819549792,13.857054613592963,22.179412136651887,0.27988559481456854
1375.2080777231247,15.223898515118343,23.552952728860948,0.21545861340099962
1533.5602943117024,15.1477127985927,22.227562763272044,0.20015542108805312
1692.2486940398737,15.16803486639253,22.875450054745187,0.20113490852213373
1966.4525318523151,14.322494776601342,26.046314621723884,0.21876863264979426
1851.5050260120602,15.151174610665203,25.925156769646247,0.2622477170799043
1492.2889863431376,14.137833103348976,21.930839996170185,0.23868961594992558
1669.4870106582941,13.617075547910567,23.103932004425307,0.23684351068565782
1931.8901045466473,14.868890955195065,23.107841030539944,0.20046183050116934
1722.2614844525335,13.936101777636704,23.15916984418186,0.2360923403984052
1427.076140257404,14.31944289591434,25.32131226511905,0.20226738919827664
1469.6096638338722,12.828233034969148,23.62972508485965,0.29154859635497593
1490.3775167930535,14.285236085582872,22.116419675395935,0.29027100647833776
1890.557939156482,13.843925340966386,23.97667450997398,0.2620399998328409
1539.4128748738096,13.91083328931497,22.66358064651636,0.23399913851142706
1745.2695418567437,14.300227740789559,22.06755748983628,0.2105445133144579
1523.019770026018,12.98009362792694,22.955890103659584,0.2687307808498836
1836.7080424416906,14.672695063097077,24.308499706243207,0.28777318402417273
1826.6603345825176,12.571461169171993,26.29563491293284,0.24360461443652276
1618.0809114041397,14.910747676908409,22.379138698096114,0.27340873861616205
1675.0090288508372,13.350896212446075,22.389054432061965,0.24352116554815487
1374.4698843471992,14.582206730881515,23.556802332019483,0.27165466521564186
1883.3830260554917,12.615773423848612,26.243176885269666,0.29032863939176135
1664.9342564174146,12.62285029750879,23.926662286557054,0.2101964601417285
1746.4827964835067,14.514261494560035,23.20167490851736,0.2308462685325015
1608.9890316948615,12.997660472914824,24.759117282989248,0.24364421231413186
1728.6078055668233,13.58081634986954,24.92549598936256,0.22349647506931625
1711.2992031974663,12.900864747763814,26.26042380510239,0.2450349000461488
1517.7760693280777,13.46370908931423,22.85027789818351,0.23538270243120263
1907.3529574579634,14.545161029188568,24.83912385513799,0.2996312850413614
1609.9770703747506,13.737766090606069,23.37339141855579,0.2131293357831359
1594.8111519902081,14.950879078385036,25.996909005259667,0.29743683594674414
1979.237478474423,13.07266109263874,25.161604844337415,0.2884196349868877
1815.2923494019099,15.176832415107569,21.861459135342624,0.20015332610416436
1386.4271909621013,13.027908601966974,22.383812890626142,0.26018383611022744
1331.9873277776076,14.224505388106213,22.65253891673665,0.24981540398196653
1828.8303750278847,12.766317800579259,24.172671899600395,0.2743689868051022
1972.1975027671883,14.433215902395194,26.107880935264472,0.25895146531989643
1395.2490319771002,14.753986911947626,26.369656758462078,0.2713889834012284
1903.7728041263733,14.54019740516875,24.571112989268098,0.20367353510505612
1920.4401312722273,14.58762129775955,21.645888450391457,0.29200955609770624
1725.952655700237,14.154192778627994,24.70154345220667,0.261321938772049
1875.5772185175288,13.490150362952729,21.839322634771186,0.22793771558856638
1810.7993905121473,13.140991624192216,25.45940589240811,0.22393158662032067
1522.7823763540732,12.76469885095459,25.551748457110623,0.25352216358388663
1792.6874495717054,13.123094603623674,21.622688923188342,0.27508179171930014
1422.384941525124,13.532149430911378,25.70334783270165,0.2142484108258246
1410.3938796283699,14.30631125162944,23.602633284207375,0.2440302460088711
1802.7025841161353,12.59721485926201,24.55533684725306,0.2905422714136522
1409.6243983031093,12.945579362810472,23.667869994303018,0.24267160364397053
1811.7922856662462,14.471323770483394,22.038890441844508,0.29320558813775455
1638.5017744040642,15.278745597144642,22.954934611230815,0.22229981378212074
1375.1392795928384,13.835129979544039,23.65726528422367,0.26710241219384573
1398.9880124250562,13.637842900823932,22.17760516235955,0.2451298234581766
1817.163562020107,14.776813821326813,22.00326212131077,0.24736064808562425
1375.0049915934785,13.537486740699245,22.05534308146535,0.21694496327875964
1579.053994339735,13.73977386360212,25.58665558622826,0.2714326666198537
1788.812016771497,13.561403870061579,21.976272471122133,0.24601439002562506
1426.7304355257836,14.213139560531616,23.040825038640776,0.23725979154083848
1462.8920298656599,13.599260635823226,25.436456770950052,0.2543377033379893
1549.0295246591784,13.684156213649784,26.02646443109584,0.22458701853584948
1336.849818118327,13.19162043291558,25.59315653419476,0.2603995878923947
1347.6789798590391,12.748580872265826,25.100372993623694,0.269214498594935
1752.6244638371268,15.143491919231495,23.721893880268734,0.27717141000875806
1645.6088820565517,13.603164478943714,23.37983315077613,0.23505564933845752
1347.352245727911,13.635708978338563,21.69708101601606,0.2713354046102614
1414.4815319073425,15.267610967115631,26.371264983355385,0.22137680279910268
1644.673275740621,14.001054001811166,25.587192604900878,0.2688656918776739
1641.870509039563,14.491979575709552,24.68227152176402,0.2520656955027839
1546.038939758413,13.220828325747476,25.94433817613083,0.21269659412275604
1463.1551991667484,14.364886536508822,24.712365463325394,0.2626849862917129
1854.0504126034316,12.889214204988955,26.019285322508072,0.23362821022252603
1577.3726898856023,13.032203953084169,22.506066006260838,0.22506408632588937
1840.1506145676085,15.049444673670411,24.979867212465,0.24042535709174956
1721.3068022351076,12.723182451512704,26.25344880909625,0.2578601080872624
1699.237713862941,12.674934959442615,22.197210508191098,0.24255996854417788
1636.533309775047,13.69348413767901,22.552123046440933,0.22037453667040613
1701.484314434347,13.247376237011409,23.947598456974248,0.29668715572895166
1497.5007552819654,13.781136128999826,24.20110853358808,0.26597424410578263
1478.7927732231176,13.24702903231261,22.54036846725542,0.2537415032072967
1426.0093396482507,12.851115158908184,24.688925414033257,0.2567003821658815
1358.2383291424965,14.767926151924446,24.106295372547827,0.2454019332951719
1796.3503881585416,13.719177770572566,24.209071838578833,0.2871857171803445
1957.3630398762998,15.047376006438343,25.99059159650526,0.20770343499409663
1382.7052535748894,15.07389527971352,25.417592176731723,0.22949030838062967
1653.0388331556856,15.06547582874972,24.356532751678763,0.28076656797078303
1355.9375107352184,13.732999554058042,25.4444175466355,0.2439593224379494
1465.4195989425643,14.38025976814167,23.56132559209995,0.2344881610801058
1949.76567581501,13.295465964019892,25.664792107783356,0.20189106016970199
1380.5344138313574,14.751733262264764,25.41737975047517,0.2651032036813466
1428.5610400893956,14.203953059885826,23.725043639656896,0.22508552373657392
1603.3360502651783,12.971057041549717,26.242704920445906,0.24131931409177024
1553.9715483353748,14.367800953143258,22.892599956987915,0.24666662530487748
1714.770808054244,12.749994262633418,25.92917111140792,0.28624609506223203
1714.7001579300616,14.459076398476025,22.696290703929495,0.2110444090188846
1824.9179427799984,14.066762586394923,21.992532223232157,0.20345685196181
1472.0618720093435,13.605110358769123,23.372434988164795,0.29908191264226236
1561.7302695852393,13.440098769889323,24.105514493970226,0.2537427440944563
1830.8882819590503,15.045869247456205,22.759661699064687,0.2003648102859722
1703.5101859682447,13.946714260216465,24.589647048436337,0.20529173465460399
1818.9003370099792,14.589278381914028,22.040486532150034,0.267331700280137
1724.307169370269,14.30440136656646,21.618740093891425,0.24254592244116685
1466.0599703111495,12.798470754614433,23.135817876687817,0.23135172004174062
1646.7326794166659,14.74560736920479,25.233447671306315,0.21440803018058896
1489.6934707550406,12.651527903873662,21.82858215062061,0.20764587711372262
1949.3614140303391,13.131761440784125,23.124928822040577,0.22352361703939205
1404.8478575463184,12.812838827894106,24.8799645547375,0.248377546414348
1610.5723005433704,12.882673541203268,23.433125168634238,0.2590215206532019
1575.2498719483547,13.398167214453103,22.771299503033212,0.21955904097509574
1341.0386121767372,14.803494544313725,26.374761099727163,0.28975256332417443
1320.8124135283292,14.158472034037752,23.459250646505314,0.2077356454236679
1968.8654180310634,13.223025231017239,26.10267768786014,0.2916414201765407
1351.9517025269554,13.367925872731469,23.123966553263518,0.23606428205560084
1751.4909607049462,13.745440067308262,26.354339001803115,0.2822787994255529
1742.3497828271495,14.551015777701533,26.134692149351,0.28170043897435315
1655.9710218585287,15.20464648644485,23.269677807519074,0.21652573212504192
1410.8118031446365,14.019380192660895,23.16783369361866,0.2721124190997645
1338.7198387111519,15.278889151755457,24.55345805100163,0.2855668787801538
1676.1398525560699,14.712588357749453,24.73241354143416,0.2552056943593127
1831.2343778510199,13.35006115416864,24.741662603969843,0.24793508216770455
1518.549504494607,13.415088519917079,23.360800771237912,0.2497706274302347
1517.2616137398468,12.575148535605246,26.377000856050472,0.2581999887500355
1634.1902362484698,14.306320815491228,26.151999345373554,0.2966675599056035
1518.9899122491458,14.5585587175423,22.17944781416434,0.20427936044020234
1951.926765313409,14.004305204234164,24.680010408646496,0.2825443217065224
1484.182024321,13.20974305242574,25.824179820115468,0.22207912875757033
1677.5726829024181,14.65069118842474,21.742005926348252,0.2027393121572914
1706.1761110038724,14.120669433895895,23.782869512629556,0.2850338942384599
1654.0006993775012,13.273160571818911,22.607037536938932,0.21709965443234622
1527.9665866294047,14.390055036362625,26.275255308913643,0.20807739123310623
1691.9539299306605,15.051413576654419,24.197911989826874,0.2799716167738106
1501.3426578788287,13.61140796419621,22.11400967160373,0.26843127708959086
1324.438607950324,13.947031990609068,22.552637871050653,0.2046589450697325
1851.5053034129894,14.265891507955379,22.071038401748424,0.23221146357264022
1332.693514901061,13.552752385544327,21.776288685235865,0.22529893008572077
1427.266254858528,13.575621173957924,24.22719662152459,0.21347338152778658
1650.6082676865417,12.724242234478133,24.28125237781017,0.22947977648724185
1324.6167854087726,15.009980813591271,23.02800980532099,0.27219063581986586
1556.5861465246007,13.976114982194407,23.616788614705968,0.20674297687567628
1397.2561818389609,13.43407319050531,21.655207470819946,0.2682540767809264
1497.5779174237684,13.02646077682577,23.847390918368887,0.29346474243298204
1399.3384818274772,13.726466595160538,23.700413131237855,0.26625815731605573
1467.0955983397378,13.515521298558292,25.310379697910182,0.29298073391788415
1511.847006319063,14.835217385740469,23.55098291490866,0.2719106925667261
1848.7009144090405,14.529932632272244,21.884857648410883,0.23305560939255526
1409.6791964990007,12.762536728829703,25.65828320019592,0.2525462164722222
1618.083525076249,14.35043110233386,24.369649737483414,0.25511473870915147
1484.2868074957712,13.325689965517856,24.022232768718887,0.21739875349341356
1718.3424599983136,14.051141555633953,23.100076720394473,0.21780056357614883
1975.5545654622126,14.752521584914236,23.409418741712987,0.24803506548178467
1366.6510875649162,12.576589874328077,23.38706658826257,0.21882560900576756
1467.1895797363522,14.743709801561815,23.228012631903834,0.24070309099849863
1646.2425615799627,12.556637733555311,25.1503847010209,0.28701136292006674
1874.0819452331407,14.263665253234247,25.818825540805697,0.22413120204805995
1415.3702222561114,13.69788546248591,26.184745225385154,0.2076695538592278
1903.2346876154365,14.21602438199155,24.123596792641507,0.2918766015884259
1524.0665520070777,15.15106706559919,24.571377678710046,0.23352486801471456
1866.1051238766286,14.990981300213003,23.010430044326373,0.24658393699741366
1868.803712678401,13.78094756450011,25.717662744220373,0.2807765344751244
1931.831114851918,13.880627585213738,25.431737827739077,0.28594061912793367
1708.3905731376026,15.227402057713618,25.234024000954296,0.27866375848151864
1378.5997930817416,15.18669882619317,23.551610142630366,0.29055070606023964
1439.875906163747,12.625513609157867,24.785843405613967,0.2229443836473388
1798.6876492059826,14.859361785542758,24.30378485982855,0.29136103571635114
1941.4221101833398,14.509316985118394,26.318364911523375,0.29369900165082097
1566.489448730565,12.764546651675255,25.010086951674612,0.28761730152109805
1547.9120379973947,13.912631409379756,24.59106615314947,0.26796209694344614
1682.910235086406,13.583183150556483,25.302343735595976,0.24027682548259274
1703.2075665000673,12.988485849819284,26.011395566236647,0.2620986948261235
1420.0434840099213,13.289065763618815,23.867462784123767,0.20343860074754344
1754.9721301599802,13.623693504958888,23.055646677026346,0.20328253098168728
1750.113002568113,13.13340413247246,23.993223069574302,0.22224028672080534
1778.752529618682,12.757306675302756,23.383309079852104,0.22701973503106695
1481.354499786659,14.551319382918193,21.67276373306424,0.22564676159000116
1391.2147160796658,12.82576305692298,22.961790340825537,0.2460608944385977
1474.2885397380921,13.100673625721715,23.667865794902035,0.2027540586588097
1734.4466275945792,13.485776381564694,25.179339655019966,0.20046771622247067
1437.5122109731192,12.75006035688604,21.72243994538648,0.21002007863816557
1643.8772685005017,15.25006908698853,22.27978107389919,0.2440225032235148
1732.885672791928,14.123340773632913,25.03920444920716,0.23961124343537213
1802.0582693322672,14.077014247118473,26.26949887176857,0.260116472040418
1438.718393260876,13.118877037185687,24.77792131702781,0.21801699123505688
1854.877886804468,13.878582876315955,24.128731980962865,0.29083789469660304
1952.2795192323429,14.499281960520333,24.997702142005625,0.22580310614522683
1816.556333714153,13.047364016116584,24.767302676509615,0.27754074687223057
1869.8504387523412,12.501841141280451,24.874583942864643,0.2113154751139668
1630.2135888252874,12.69573004815136,22.756404211156017,0.2699943185203177
1819.1088804628434,14.008333702438156,22.591942037328216,0.20299458133666354
1693.8505516565606,13.18939141843479,23.304694780900235,0.24531561409644725
1588.7214349375477,12.929576266775332,23.217965674940853,0.2767616313295634
1355.183998302076,12.87395935442437,23.488045661078477,0.20231411721957876
1971.0031638127198,14.547526893217709,21.849607414848315,0.22637027606425117
1380.1480903300724,14.581009807624092,26.09017944469906,0.21750021735062888
1504.1960367882061,14.919670498279867,25.66729333777491,0.2383300165822935
1374.3417869628556,13.181382393372026,24.78957637337389,0.2820425788717593
1439.6093729091908,15.10403614847896,22.685002717016488,0.2051694910851316
1818.9739424760517,15.22729521637993,22.018929521538578,0.25010303111071697
1529.2016404470185,13.66515529272358,24.06649972553042,0.20253325813453804
1659.4935177030086,13.972732918828537,25.431118823185578,0.26551065933980184
1811.06914184462,12.999134041635655,22.182547308769497,0.2843465272994351
1514.685749909414,13.103812071581926,24.17113583990209,0.24242865199406854
1932.0705529920724,12.72892729779848,25.685906647177163,0.22156183227820325
1431.3261642474324,13.865353334851338,23.23552085587028,0.2203148298292121
1790.787010993156,13.10077476863619,22.366702016007967,0.209738897154975
1474.6743767931705,12.573499777537302,24.418226880763573,0.25372764685544313
1942.526012459451,14.224981345921693,24.832869070611345,0.25411250119934614
1606.339624624709,13.83730694863425,25.653613208974242,0.24117504949614801
1572.260908003828,13.943071212685469,25.780259024103195,0.25238763339573733
1789.7767925015519,14.795128325274286,26.37949293651405,0.2427589187679744
1494.8371015233101,12.930393462885899,26.157783427926198,0.28583398019673606
1843.6086984127667,15.236324830285644,23.85152654280488,0.2593382353942863
1774.2005891132183,15.273432457973529,24.692726349562697,0.24324196230889428
1826.6755994272442,13.545530909363933,21.68827693064151,0.2901660028724465
1324.022082734533,14.16997166225269,22.910889657756446,0.22197002702388438
1638.2633071761338,12.763834632305834,26.078068127269482,0.22027977098288762
1845.981025678096,12.926142975346577,23.00739471608617,0.28718540005630877
1381.7753029706078,13.085798401981226,25.750172069758097,0.23160269503399045
1493.158756445422,12.5254149433963,23.24595467657471,0.26592907468585975
1648.9748483976373,13.269693427546612,23.46446482555654,0.2734155391528069
1506.475879453852,14.345410773793299,21.85103588212579,0.20692590785652654
1709.4904868521742,13.993147766778097,26.155297467686896,0.2818443702976994
1450.8582014292767,15.245783796482128,22.218835335814276,0.2989480727161078
1783.1683603549102,12.52738372035945,25.446231154945114,0.21806171456683493
1969.5350305934858,13.472652095757963,22.429146443976002,0.2913237642398771
1600.062957464659,13.82849224430011,25.650677774116687,0.21293165484031215
1912.3811285167717,12.66122962732687,22.40125461491397,0.2055182636464351
1359.4648601715264,12.641206177882495,22.747445211369243,0.2353291081394225
1897.8562353776128,13.96100025202449,24.239656784783936,0.23511250836859435
1428.9849256961857,13.562475056988754,25.497463564115872,0.2066145423076914
1889.1040549807076,13.873526283178725,25.48563985294724,0.2138259985909102
1940.2096933124994,13.579973855807735,22.82364746728654,0.2611521579280657
1840.2992720940547,12.615433338642646,22.487090265342555,0.2686158196768199
1936.7570610913863,14.79767317731015,25.878643883139706,0.2764272054673197
1576.2864659423465,14.703141997312812,24.24443097944713,0.24491751247213883
1406.5065396798466,14.802082959277076,25.510464858187166,0.27326544444476103
1521.2841919243306,13.218410797715304,23.49452909852643,0.25799629333849533
1541.5176884712541,13.245474393567997,26.16311435360779,0.22907323184853243
1763.3010115164998,13.073686294196682,24.57172465140607,0.24302853259055296
1797.8857215338392,14.470334041470286,26.18503298475465,0.23447708887490554
1919.2040821723158,13.836006418398513,23.001782224447965,0.20821747881709818
1334.0157844995836,14.490293540266887,24.549548610750584,0.24949058052330395
1786.1752614044783,13.498641740568985,21.74790127876546,0.2732885370025558
1523.727508984924,13.430869795702026,25.867333913850224,0.24323259975167097
1913.6522681107162,12.518039400475434,23.235893288258158,0.23561678805616745
1427.5898726350579,14.361559216622222,24.148245073811598,0.2449410771697447
1602.221796183924,14.08599038631484,25.23058767934755,0.28117446890324754
1329.810383150176,14.927260985650822,24.02510874675096,0.2001127477697419
1610.4356615054844,14.387195022348855,25.02344694275251,0.2311388046897938
1919.8560336634494,14.16102155389845,21.61818530286357,0.2814884453939176
1604.4261487667138,14.994864076592119,23.73640241106437,0.22775656709523487
1793.4255246304247,13.406297267767489,25.222002311844683,0.2707191743314384
1879.760604970423,13.297445516961027,23.292878808876768,0.22062273728867257
1607.5398202613972,13.258886295200158,24.002564181867733,0.23925811759962
1424.9473889238611,14.966622396564341,25.47050989630405,0.2320762302698807
1886.9553046601216,14.773209387656287,24.47581652213219,0.27433733898516505
1423.9488284781853,15.160151473064579,23.961454395592128,0.2987149944866252
1716.73256746713,14.997693754910822,22.222258130239787,0.2148158879931527
1397.6968740465654,13.656923856037556,23.525585927564705,0.273205479242421
1593.6057686328272,14.129461660731774,21.607841502437935,0.2613271215310248
1321.8981938511479,13.122656095781785,25.43568851414311,0.25071517316829933
1798.3600137283327,13.080617093982504,25.405728289955892,0.211727687227472
1868.683246324062,12.840976155895502,25.368000353963037,0.27205050205959896
1522.2391554318792,13.49937202555603,25.75836453672041,0.22855473689710523
1924.6104156366555,12.981520485549343,25.458449253416603,0.26344291307514006
1403.604316531109,15.235456471130146,23.55886867088851,0.21222180879992364
1766.5413080980761,13.99900844906638,22.567378828745863,0.2462138330266262
1455.513819376241,13.866889396274669,22.88801495143215,0.2505152909486815
1501.3733156338503,14.811576481586714,25.233653072710958,0.26469207169618836
1367.3458166726398,12.690599050138488,23.88355564465552,0.29452764420100624
1469.7795884827717,14.74930688135591,22.44949037863477,0.2695416476410479
1390.1130204456115,14.50389828285415,24.29202072940907,0.21495690008070475
1557.1302010151674,13.200608970894248,23.79457667617453,0.2300932297287682
1414.0370109333262,14.523388142288283,25.565379173976016,0.28712733661093626
1869.7980404964237,14.220986184472192,24.25885248065419,0.27240214590192435
1579.8622332433742,13.121631525690114,22.119668248808903,0.2482833648985276
1568.088988988165,13.597653783508115,23.312186773260766,0.22130009771709108
1947.9222047371354,13.695572712087836,23.42293935669866,0.20417528248164366
1811.9681733707405,14.441722930600339,22.21119197535388,0.28977156781033037
1905.3356734505044,13.03738530081075,22.181629876287356,0.25483741614632616
1546.5922069544586,14.436320108696755,22.229163871508778,0.28565247321175086
1402.1763466585346,14.715079625252688,26.013850237249002,0.2924364608032093
1822.3644170759203,12.949894422402354,22.96113059867595,0.2657330815045809
1467.2803324507927,15.112991672728786,22.975068327799363,0.2551022179135189
1415.3534371856585,13.506921716911187,23.313203116740628,0.20941514289501265
1755.1694038415983,12.946570358000994,23.67026915437401,0.2773910845595039
1322.5305662361427,13.859483016566733,26.29054120059497,0.2764399756505399
1607.7164887950894,15.052757658917878,24.24244572454541,0.22563332496470268
1601.532536694965,13.500246569315669,25.22779321980209,0.22912698333961018
1550.1451657646655,14.052159031963559,23.720424840564306,0.29058207589587165
1527.550477845652,15.198694629269442,25.548112610994707,0.24696189649785752
1347.669909492783,14.324516698613921,22.65020150109424,0.28116254853591577
1808.1588253990274,13.093309350122084,23.5568113832297,0.20723937336829917
1468.7629927898247,13.978326804844066,22.194242288128745,0.25966599734927637
1827.1548628889848,13.011046605916366,21.791353078556728,0.274793575451328
1834.5302178111797,15.111737785475187,22.977904672095395,0.25314291662848365
1675.9058907573217,13.764183886179177,24.513431450282734,0.21135072998715615
1591.7701741064227,13.948725191497324,22.969932329632783,0.21327660163217738
1340.5424578941902,12.975956972629115,25.54093068457179,0.2663745272060427
1879.6350361477466,14.328546597596223,24.328495818750078,0.273133350798361
1704.1740693194902,14.638699384799967,24.33826642504445,0.2536927683219304
1336.8160275226971,13.264884034767565,22.959532658806168,0.27884322451478355
1382.5098164220742,15.185416666027052,25.08725030968306,0.25907337922094836
1746.4511958886187,14.362620601124537,21.757240915419157,0.2029439984735971
1976.0471785711354,14.459723816032165,24.50147653488919,0.2609646109359195
1871.634842844114,14.092319420140875,26.178956682890757,0.20348531514210078
1769.3954349284695,14.985169494829245,22.153949235589213,0.22596058685157736
1669.9071231461614,12.524358838939436,24.529093162801157,0.26909762212078736
1970.3418667801334,13.782140403369304,23.72929708195858,0.24205916681131265
1537.3204599521403,15.164672452692768,21.810692265449465,0.2507021343044478
1772.3482203536507,13.174617355326289,25.473575044736503,0.2795130071455749
1948.970026053622,13.836696506519658,23.83687231687523,0.20662943700308709
1604.709732109878,14.101885030501274,23.673799966080335,0.27912435623617576
1361.503672418735,14.631019797350111,25.663540400982455,0.2774426484337077
1929.155209528832,15.204106195682662,22.798169027392174,0.2570368166205586
1424.904794452268,13.518610517802852,22.700200790743956,0.2065330695901701
1897.190207383241,13.250556344083815,22.81353387287252,0.2959912233743414
1360.3152698615625,15.086046034307593,25.6064257358847,0.2765572218497967
1600.7013592513074,15.134150666283148,26.038982964698686,0.2237276874553579
1387.0420046196484,13.907463430270347,24.456040214063297,0.24064644613455763
1558.7630607020224,12.717140749611165,24.23443434245944,0.22998807929194268
1430.4895620722573,12.518994067527828,22.837301947367713,0.24864746276479194
1424.170612174062,12.83068866552325,25.971955639942543,0.2766188327183116
1462.8582593507222,12.714467614652493,23.551722554003707,0.2862869630152754
1454.7608564924183,13.100304923984151,24.38240022602028,0.22757922515549087
1598.098901743198,14.837292271471895,21.896231576462892,0.2709580341348296
1645.2986068875593,14.871023933867631,22.448173684202256,0.21707805949342637
1637.5842427770067,13.59518533687432,22.3646903182453,0.27004994029061946
1364.82122495219,14.990078784599241,23.167051193336892,0.279124165435281
1425.637423637238,14.6759255663964,25.888261130785125,0.2221398450744991
1740.3845178223119,12.731267597799334,22.90608722216129,0.22133392539826904
1880.6674506374507,13.051113268919911,24.81233459176495,0.210914006112933
1740.6195397180086,13.76046383447772,23.566753253689175,0.2104396199230217
1517.5285371339419,13.487083511528029,23.73377499204595,0.21328146517059998
1409.7125830819527,14.867972056506227,23.29291944130463,0.2292179793320168
1645.0719259399864,14.677734463035838,24.830176025801883,0.29698710112173676
1415.694725556368,13.135112239522131,22.202789476541625,0.26673510890630864
1364.4955228474134,13.997023666921212,23.400351919332063,0.21593988546468162
1583.9168228718097,12.72211721364214,22.32713608248701,0.21517935347291403
1401.0712122918262,13.924314425737224,23.950646583401785,0.27483117399963286
1591.5856937401215,13.487059119202499,23.51520467365005,0.2911189494899766
1624.0361138674832,14.032241763817899,24.042247197479732,0.28311723395220556
1923.0889455794177,13.184958137414924,25.987892815193185,0.2473296602700985
1383.3525926242985,14.374086696032618,22.21561389017968,0.294465549829193
1704.0871803410898,14.673222901672368,24.064213673727448,0.2607052777654951
1404.4680704078387,13.21273861927487,24.542095405156363,0.2073144542612232
1782.5327740633977,15.136391104928016,22.3207460613164,0.29916036451509453
1372.740082444713,13.421187910118357,24.14570994113267,0.2671815659613135
1775.342514267882,14.656126363216117,25.432032660919408,0.2701554665342997
1865.8448215935023,12.779548007709373,24.78264889726378,0.22623259019502762
1963.732561302066,12.966613666824498,25.233614214229526,0.23405953423206086
1778.9007532669862,14.867460572393142,24.52310149375647,0.20888138906313214
1558.2346532493655,14.113772699613145,23.062857943973064,0.29294716427460377
1830.5234947364593,13.003066435233567,22.03239869143867,0.2776382110176501
1849.572266358622,15.020541673531705,23.950732091889357,0.27132942643316643
1916.6453800636514,12.940309051578136,23.188275795747,0.21816510169228806
1497.2000572511467,14.104891915351153,25.961940422612518,0.2004489458815629
1510.1040491631006,13.073978332768146,23.96529304066627,0.21847763938083034
1351.5145378877771,13.362033874234669,22.062882137249407,0.20825367281440527
1589.4318763263004,14.483590434545235,21.61786859966286,0.2435245637522457
1755.9717016675775,13.317290593024595,24.90973681658316,0.2239566263938248
1396.4744061779943,14.804008126038577,26.38750088209294,0.2830784451884643
1432.8380134768936,13.239403224092515,25.39866202780496,0.27356161202781915
1494.5568526873553,13.984355017223198,22.332066727404353,0.2841445618209548
1955.6686560683788,12.56029371978424,24.812555444167447,0.23458633516438304
1759.2122735865119,14.88868583104495,21.95295706391025,0.25113446996556954
1656.5164209249783,13.90871082187862,24.510331731294,0.2161552338830233
1444.714185639668,14.381731540387166,24.058712908698272,0.24085500848167501
1457.1641843662835,13.796736433207334,23.80338900239277,0.2964161256601456
1959.9103241444059,14.842580419703562,22.927770578794544,0.2752279630186264
1726.8087888357845,13.887165715597838,25.220550965652784,0.2828113898264996
1957.9915970255147,15.008846659620799,23.634136125068167,0.23338481915461198
1398.805069774707,12.54098482498581,23.845051205418862,0.28438926795873387
1778.3605775944372,14.089368003523076,26.040235503674825,0.29050273085134576
1406.7920705994688,14.313304466656353,24.99980759668611,0.21091393918828094
1775.2051034364154,13.570351411725616,24.27065954646296,0.2531213822918961
1369.4698520007375,15.090766634056305,26.02609930372525,0.28533189602965775
1769.2336231981997,13.80752180209992,24.62518135435064,0.24080717645123179
1577.9610129412224,13.026531654339967,24.62428616263353,0.20913442035437269
1566.1687741667195,13.389711391116926,22.708655357834687,0.2979032375077752
1791.7605439244394,13.625046528422386,22.08242483254072,0.23402864596379158
1719.8774904864981,14.66956247624428,26.323375241761426,0.24963115635975686
1533.2967570692717,13.107744102472104,25.640370285330885,0.2134085764742779
1504.275127436408,15.00020484756668,24.13779895012908,0.20162241987117893
1586.8135308652136,13.236603970286044,23.194954316267683,0.24450345617279148
1558.4541883207341,15.145209084920198,24.923468531302333,0.2451981927731224
1854.6923799329743,15.056100765342652,25.32103542616079,0.21719899224094866
1671.2814704489422,13.918255480817196,24.603363862898146,0.265162287893262
1564.1888419923896,14.331010581099626,22.581051799694755,0.22262060554811924
1914.9280355492886,14.931614807121486,25.448692504960963,0.2315605562678464
1689.7179481852625,14.779643192629871,25.087940349934215,0.21960686854390182
1826.6552321094164,13.393671125224056,23.653068991993468,0.21354052155483483
1612.005413252608,14.117114606780758,23.9662363448639,0.23872787712402205
1673.1663355981932,14.790914287005133,24.982780502547165,0.26096003749863245
1727.861069234379,14.303324380233619,23.73676991954045,0.22374730040519356
1836.3772939346443,15.119745894065058,24.47351027925145,0.27286069309149075
1857.0102041360512,15.002814209900048,26.036262610078275,0.2556627397206482
1343.017188611949,13.143929657596543,24.223557526275844,0.280231813107715
1511.475733578496,13.50256498064064,25.90304078465092,0.28126092884839027
1767.790029992539,15.052806754123916,23.025835346772503,0.25761803928114985
1974.3366918215127,13.00488775387443,22.60778087608891,0.2940808546579925
1639.066971273282,14.214356847840447,22.95758325861467,0.2614422409253616
1513.82597246112,13.0721824975734,22.636173325927956,0.29471089991146987
1711.5130363141172,14.465309633077247,21.751085738782237,0.2379395089100981
1672.763854125656,13.683227550949171,23.13936400466351,0.23601141655315153
1423.6562755861928,14.175407845511922,24.798951603959473,0.2801479757270962
1350.006209969982,14.312548322976228,26.19371190495683,0.2611519302743362
1688.748260389127,12.797474842654525,23.320747391436072,0.2076259059625086
1406.9541005721915,13.365903941012936,22.884368041170937,0.2884027622504135
1734.1146544839257,14.055667959143008,25.408850240336527,0.21089937083517757
1448.592088410756,14.982236067897116,25.269398180451134,0.24145910879394564
1605.5932788243565,14.58816282872052,23.25637447981018,0.2595035856592147
1979.0382898798039,14.194494667181974,23.49611773587418,0.28446853848986897
1362.1753034991432,13.131837565249823,22.788268785863753,0.22433370033592606
1938.4884225672133,12.816470683131325,22.63727117945703,0.28747126650082516
1363.3207853084887,14.827467063173634,22.614110060475532,0.23741215819847689
1589.8671974400206,12.51364328077672,23.594877215018837,0.2246961291984199
1604.6726903015715,13.75796880268313,22.82217715536987,0.21289357943916948
1549.9725900430265,15.168271598336712,24.350747380114463,0.2503273053399849
1432.777703530451,13.399769171349384,24.269286490697823,0.22531089028383547
1643.1112728225264,12.959368035353217,23.143072346927106,0.27887352477216076
1524.7861674156457,13.926358441413614,25.117264696802177,0.2866764033775457
1633.869799343151,13.996284299630522,23.088894700630583,0.2525667654184192
1335.4470654653976,12.658688288752638,22.786978835047684,0.2978557153572755
1549.1739256085634,13.45042498938272,22.362753613766678,0.2872006901358914
1327.553098863,12.623737206982213,25.536254839255296,0.22033576984125597
1407.179617494395,14.541300949128182,22.930383672213086,0.24636390396053295
1826.1957289201964,13.118097213884193,24.139959662147817,0.2093602634580931
1681.8104921113857,13.824072929313335,22.360437499521115,0.25781513102764153
1808.694234465175,13.747092860266621,23.163127877744312,0.22447655056456542
1541.8332769004812,13.035515015476273,22.13152363012669,0.2883650994027151
1444.457848716193,12.674310313766208,22.116187587129854,0.24938981199882312
1553.188746945721,14.848318917752778,23.09181609162177,0.24383894138228707
1856.5656356098789,13.730992068708847,24.706898040698036,0.22100793964472637
1327.326419448934,14.29695139780548,23.935388890361583,0.29274124228527226
1401.8033579205749,12.789288560867051,22.690136180816864,0.20420616088250299
1967.201423693295,14.175403998434417,22.624136655858337,0.24065814274713765
1685.5436230178166,13.640284045497717,23.078342870003972,0.2771357334536263
1331.991545057608,13.865799113163732,24.066576160127205,0.21932258713916608
1337.7992142420533,14.254787510648898,22.578231250732607,0.2500305403059026
1905.7349600616787,14.930957144037661,25.909079817573993,0.2197404835201112
